NC_000962.3,WHO-UCN-GTB-PCI-2023.5,1.0,GARC1,RUS,STM,glpK@*?,U,{},{},{}
NC_000962.3,WHO-UCN-GTB-PCI-2023.5,1.0,GARC1,RUS,STM,glpK@-*?,U,{},{},{}
NC_000962.3,WHO-UCN-GTB-PCI-2023.5,1.0,GARC1,RUS,STM,glpK@*_indel,U,{},{},{}
NC_000962.3,WHO-UCN-GTB-PCI-2023.5,1.0,GARC1,RUS,STM,glpK@-*_indel,U,{},{},{}
NC_000962.3,WHO-UCN-GTB-PCI-2023.5,1.0,GARC1,RUS,STM,glpK@*=,S,{},{},{}
NC_000962.3,WHO-UCN-GTB-PCI-2023.5,1.0,GARC1,RUS,ETH,inhA@*?,U,{},{},{}
NC_000962.3,WHO-UCN-GTB-PCI-2023.5,1.0,GARC1,RUS,ETH,inhA@-*?,U,{},{},{}
NC_000962.3,WHO-UCN-GTB-PCI-2023.5,1.0,GARC1,RUS,ETH,inhA@*_indel,U,{},{},{}
NC_000962.3,WHO-UCN-GTB-PCI-2023.5,1.0,GARC1,RUS,ETH,inhA@-*_indel,U,{},{},{}
NC_000962.3,WHO-UCN-GTB-PCI-2023.5,1.0,GARC1,RUS,ETH,inhA@*=,S,{},{},{}
NC_000962.3,WHO-UCN-GTB-PCI-2023.5,1.0,GARC1,RUS,AMI,Rv2477c@*?,U,{},{},{}
NC_000962.3,WHO-UCN-GTB-PCI-2023.5,1.0,GARC1,RUS,AMI,Rv2477c@-*?,U,{},{},{}
NC_000962.3,WHO-UCN-GTB-PCI-2023.5,1.0,GARC1,RUS,AMI,Rv2477c@*_indel,U,{},{},{}
NC_000962.3,WHO-UCN-GTB-PCI-2023.5,1.0,GARC1,RUS,AMI,Rv2477c@-*_indel,U,{},{},{}
NC_000962.3,WHO-UCN-GTB-PCI-2023.5,1.0,GARC1,RUS,AMI,Rv2477c@*=,S,{},{},{}
NC_000962.3,WHO-UCN-GTB-PCI-2023.5,1.0,GARC1,RUS,KAN,Rv2477c@*?,U,{},{},{}
NC_000962.3,WHO-UCN-GTB-PCI-2023.5,1.0,GARC1,RUS,KAN,Rv2477c@-*?,U,{},{},{}
NC_000962.3,WHO-UCN-GTB-PCI-2023.5,1.0,GARC1,RUS,KAN,Rv2477c@*_indel,U,{},{},{}
NC_000962.3,WHO-UCN-GTB-PCI-2023.5,1.0,GARC1,RUS,KAN,Rv2477c@-*_indel,U,{},{},{}
NC_000962.3,WHO-UCN-GTB-PCI-2023.5,1.0,GARC1,RUS,KAN,Rv2477c@*=,S,{},{},{}
NC_000962.3,WHO-UCN-GTB-PCI-2023.5,1.0,GARC1,RUS,LEV,Rv2477c@*?,U,{},{},{}
NC_000962.3,WHO-UCN-GTB-PCI-2023.5,1.0,GARC1,RUS,LEV,Rv2477c@-*?,U,{},{},{}
NC_000962.3,WHO-UCN-GTB-PCI-2023.5,1.0,GARC1,RUS,LEV,Rv2477c@*_indel,U,{},{},{}
NC_000962.3,WHO-UCN-GTB-PCI-2023.5,1.0,GARC1,RUS,LEV,Rv2477c@-*_indel,U,{},{},{}
NC_000962.3,WHO-UCN-GTB-PCI-2023.5,1.0,GARC1,RUS,LEV,Rv2477c@*=,S,{},{},{}
NC_000962.3,WHO-UCN-GTB-PCI-2023.5,1.0,GARC1,RUS,RIF,lpqB@*?,U,{},{},{}
NC_000962.3,WHO-UCN-GTB-PCI-2023.5,1.0,GARC1,RUS,RIF,lpqB@-*?,U,{},{},{}
NC_000962.3,WHO-UCN-GTB-PCI-2023.5,1.0,GARC1,RUS,RIF,lpqB@*_indel,U,{},{},{}
NC_000962.3,WHO-UCN-GTB-PCI-2023.5,1.0,GARC1,RUS,RIF,lpqB@-*_indel,U,{},{},{}
NC_000962.3,WHO-UCN-GTB-PCI-2023.5,1.0,GARC1,RUS,RIF,lpqB@*=,S,{},{},{}
NC_000962.3,WHO-UCN-GTB-PCI-2023.5,1.0,GARC1,RUS,INH,fabG1@*?,U,{},{},{}
NC_000962.3,WHO-UCN-GTB-PCI-2023.5,1.0,GARC1,RUS,INH,fabG1@-*?,U,{},{},{}
NC_000962.3,WHO-UCN-GTB-PCI-2023.5,1.0,GARC1,RUS,INH,fabG1@*_indel,U,{},{},{}
NC_000962.3,WHO-UCN-GTB-PCI-2023.5,1.0,GARC1,RUS,INH,fabG1@-*_indel,U,{},{},{}
NC_000962.3,WHO-UCN-GTB-PCI-2023.5,1.0,GARC1,RUS,INH,fabG1@*=,S,{},{},{}
NC_000962.3,WHO-UCN-GTB-PCI-2023.5,1.0,GARC1,RUS,PZA,Rv2041c@*?,U,{},{},{}
NC_000962.3,WHO-UCN-GTB-PCI-2023.5,1.0,GARC1,RUS,PZA,Rv2041c@-*?,U,{},{},{}
NC_000962.3,WHO-UCN-GTB-PCI-2023.5,1.0,GARC1,RUS,PZA,Rv2041c@*_indel,U,{},{},{}
NC_000962.3,WHO-UCN-GTB-PCI-2023.5,1.0,GARC1,RUS,PZA,Rv2041c@-*_indel,U,{},{},{}
NC_000962.3,WHO-UCN-GTB-PCI-2023.5,1.0,GARC1,RUS,PZA,Rv2041c@*=,S,{},{},{}
NC_000962.3,WHO-UCN-GTB-PCI-2023.5,1.0,GARC1,RUS,EMB,aftB@*?,U,{},{},{}
NC_000962.3,WHO-UCN-GTB-PCI-2023.5,1.0,GARC1,RUS,EMB,aftB@-*?,U,{},{},{}
NC_000962.3,WHO-UCN-GTB-PCI-2023.5,1.0,GARC1,RUS,EMB,aftB@*_indel,U,{},{},{}
NC_000962.3,WHO-UCN-GTB-PCI-2023.5,1.0,GARC1,RUS,EMB,aftB@-*_indel,U,{},{},{}
NC_000962.3,WHO-UCN-GTB-PCI-2023.5,1.0,GARC1,RUS,EMB,aftB@*=,S,{},{},{}
NC_000962.3,WHO-UCN-GTB-PCI-2023.5,1.0,GARC1,RUS,KAN,eis@*?,U,{},{},{}
NC_000962.3,WHO-UCN-GTB-PCI-2023.5,1.0,GARC1,RUS,KAN,eis@-*?,U,{},{},{}
NC_000962.3,WHO-UCN-GTB-PCI-2023.5,1.0,GARC1,RUS,KAN,eis@*_indel,U,{},{},{}
NC_000962.3,WHO-UCN-GTB-PCI-2023.5,1.0,GARC1,RUS,KAN,eis@-*_indel,U,{},{},{}
NC_000962.3,WHO-UCN-GTB-PCI-2023.5,1.0,GARC1,RUS,KAN,eis@*=,S,{},{},{}
NC_000962.3,WHO-UCN-GTB-PCI-2023.5,1.0,GARC1,RUS,LZD,rplC@*?,U,{},{},{}
NC_000962.3,WHO-UCN-GTB-PCI-2023.5,1.0,GARC1,RUS,LZD,rplC@-*?,U,{},{},{}
NC_000962.3,WHO-UCN-GTB-PCI-2023.5,1.0,GARC1,RUS,LZD,rplC@*_indel,U,{},{},{}
NC_000962.3,WHO-UCN-GTB-PCI-2023.5,1.0,GARC1,RUS,LZD,rplC@-*_indel,U,{},{},{}
NC_000962.3,WHO-UCN-GTB-PCI-2023.5,1.0,GARC1,RUS,LZD,rplC@*=,S,{},{},{}
NC_000962.3,WHO-UCN-GTB-PCI-2023.5,1.0,GARC1,RUS,EMB,embA@*?,U,{},{},{}
NC_000962.3,WHO-UCN-GTB-PCI-2023.5,1.0,GARC1,RUS,EMB,embA@-*?,U,{},{},{}
NC_000962.3,WHO-UCN-GTB-PCI-2023.5,1.0,GARC1,RUS,EMB,embA@*_indel,U,{},{},{}
NC_000962.3,WHO-UCN-GTB-PCI-2023.5,1.0,GARC1,RUS,EMB,embA@-*_indel,U,{},{},{}
NC_000962.3,WHO-UCN-GTB-PCI-2023.5,1.0,GARC1,RUS,EMB,embA@*=,S,{},{},{}
NC_000962.3,WHO-UCN-GTB-PCI-2023.5,1.0,GARC1,RUS,KAN,whiB6@*?,U,{},{},{}
NC_000962.3,WHO-UCN-GTB-PCI-2023.5,1.0,GARC1,RUS,KAN,whiB6@-*?,U,{},{},{}
NC_000962.3,WHO-UCN-GTB-PCI-2023.5,1.0,GARC1,RUS,KAN,whiB6@*_indel,U,{},{},{}
NC_000962.3,WHO-UCN-GTB-PCI-2023.5,1.0,GARC1,RUS,KAN,whiB6@-*_indel,U,{},{},{}
NC_000962.3,WHO-UCN-GTB-PCI-2023.5,1.0,GARC1,RUS,KAN,whiB6@*=,S,{},{},{}
NC_000962.3,WHO-UCN-GTB-PCI-2023.5,1.0,GARC1,RUS,MXF,Rv1129c@*?,U,{},{},{}
NC_000962.3,WHO-UCN-GTB-PCI-2023.5,1.0,GARC1,RUS,MXF,Rv1129c@-*?,U,{},{},{}
NC_000962.3,WHO-UCN-GTB-PCI-2023.5,1.0,GARC1,RUS,MXF,Rv1129c@*_indel,U,{},{},{}
NC_000962.3,WHO-UCN-GTB-PCI-2023.5,1.0,GARC1,RUS,MXF,Rv1129c@-*_indel,U,{},{},{}
NC_000962.3,WHO-UCN-GTB-PCI-2023.5,1.0,GARC1,RUS,MXF,Rv1129c@*=,S,{},{},{}
NC_000962.3,WHO-UCN-GTB-PCI-2023.5,1.0,GARC1,RUS,INH,Rv1258c@*?,U,{},{},{}
NC_000962.3,WHO-UCN-GTB-PCI-2023.5,1.0,GARC1,RUS,INH,Rv1258c@-*?,U,{},{},{}
NC_000962.3,WHO-UCN-GTB-PCI-2023.5,1.0,GARC1,RUS,INH,Rv1258c@*_indel,U,{},{},{}
NC_000962.3,WHO-UCN-GTB-PCI-2023.5,1.0,GARC1,RUS,INH,Rv1258c@-*_indel,U,{},{},{}
NC_000962.3,WHO-UCN-GTB-PCI-2023.5,1.0,GARC1,RUS,INH,Rv1258c@*=,S,{},{},{}
NC_000962.3,WHO-UCN-GTB-PCI-2023.5,1.0,GARC1,RUS,MXF,gyrA@*?,U,{},{},{}
NC_000962.3,WHO-UCN-GTB-PCI-2023.5,1.0,GARC1,RUS,MXF,gyrA@-*?,U,{},{},{}
NC_000962.3,WHO-UCN-GTB-PCI-2023.5,1.0,GARC1,RUS,MXF,gyrA@*_indel,U,{},{},{}
NC_000962.3,WHO-UCN-GTB-PCI-2023.5,1.0,GARC1,RUS,MXF,gyrA@-*_indel,U,{},{},{}
NC_000962.3,WHO-UCN-GTB-PCI-2023.5,1.0,GARC1,RUS,MXF,gyrA@*=,S,{},{},{}
NC_000962.3,WHO-UCN-GTB-PCI-2023.5,1.0,GARC1,RUS,INH,hadA@*?,U,{},{},{}
NC_000962.3,WHO-UCN-GTB-PCI-2023.5,1.0,GARC1,RUS,INH,hadA@-*?,U,{},{},{}
NC_000962.3,WHO-UCN-GTB-PCI-2023.5,1.0,GARC1,RUS,INH,hadA@*_indel,U,{},{},{}
NC_000962.3,WHO-UCN-GTB-PCI-2023.5,1.0,GARC1,RUS,INH,hadA@-*_indel,U,{},{},{}
NC_000962.3,WHO-UCN-GTB-PCI-2023.5,1.0,GARC1,RUS,INH,hadA@*=,S,{},{},{}
NC_000962.3,WHO-UCN-GTB-PCI-2023.5,1.0,GARC1,RUS,MXF,glpK@*?,U,{},{},{}
NC_000962.3,WHO-UCN-GTB-PCI-2023.5,1.0,GARC1,RUS,MXF,glpK@-*?,U,{},{},{}
NC_000962.3,WHO-UCN-GTB-PCI-2023.5,1.0,GARC1,RUS,MXF,glpK@*_indel,U,{},{},{}
NC_000962.3,WHO-UCN-GTB-PCI-2023.5,1.0,GARC1,RUS,MXF,glpK@-*_indel,U,{},{},{}
NC_000962.3,WHO-UCN-GTB-PCI-2023.5,1.0,GARC1,RUS,MXF,glpK@*=,S,{},{},{}
NC_000962.3,WHO-UCN-GTB-PCI-2023.5,1.0,GARC1,RUS,PZA,pncA@*?,U,{},{},{}
NC_000962.3,WHO-UCN-GTB-PCI-2023.5,1.0,GARC1,RUS,PZA,pncA@-*?,U,{},{},{}
NC_000962.3,WHO-UCN-GTB-PCI-2023.5,1.0,GARC1,RUS,PZA,pncA@*_indel,U,{},{},{}
NC_000962.3,WHO-UCN-GTB-PCI-2023.5,1.0,GARC1,RUS,PZA,pncA@-*_indel,U,{},{},{}
NC_000962.3,WHO-UCN-GTB-PCI-2023.5,1.0,GARC1,RUS,PZA,pncA@*=,S,{},{},{}
NC_000962.3,WHO-UCN-GTB-PCI-2023.5,1.0,GARC1,RUS,LEV,glpK@*?,U,{},{},{}
NC_000962.3,WHO-UCN-GTB-PCI-2023.5,1.0,GARC1,RUS,LEV,glpK@-*?,U,{},{},{}
NC_000962.3,WHO-UCN-GTB-PCI-2023.5,1.0,GARC1,RUS,LEV,glpK@*_indel,U,{},{},{}
NC_000962.3,WHO-UCN-GTB-PCI-2023.5,1.0,GARC1,RUS,LEV,glpK@-*_indel,U,{},{},{}
NC_000962.3,WHO-UCN-GTB-PCI-2023.5,1.0,GARC1,RUS,LEV,glpK@*=,S,{},{},{}
NC_000962.3,WHO-UCN-GTB-PCI-2023.5,1.0,GARC1,RUS,CAP,Rv2681@*?,U,{},{},{}
NC_000962.3,WHO-UCN-GTB-PCI-2023.5,1.0,GARC1,RUS,CAP,Rv2681@-*?,U,{},{},{}
NC_000962.3,WHO-UCN-GTB-PCI-2023.5,1.0,GARC1,RUS,CAP,Rv2681@*_indel,U,{},{},{}
NC_000962.3,WHO-UCN-GTB-PCI-2023.5,1.0,GARC1,RUS,CAP,Rv2681@-*_indel,U,{},{},{}
NC_000962.3,WHO-UCN-GTB-PCI-2023.5,1.0,GARC1,RUS,CAP,Rv2681@*=,S,{},{},{}
NC_000962.3,WHO-UCN-GTB-PCI-2023.5,1.0,GARC1,RUS,CFZ,mmpS5@*?,U,{},{},{}
NC_000962.3,WHO-UCN-GTB-PCI-2023.5,1.0,GARC1,RUS,CFZ,mmpS5@-*?,U,{},{},{}
NC_000962.3,WHO-UCN-GTB-PCI-2023.5,1.0,GARC1,RUS,CFZ,mmpS5@*_indel,U,{},{},{}
NC_000962.3,WHO-UCN-GTB-PCI-2023.5,1.0,GARC1,RUS,CFZ,mmpS5@-*_indel,U,{},{},{}
NC_000962.3,WHO-UCN-GTB-PCI-2023.5,1.0,GARC1,RUS,CFZ,mmpS5@*=,S,{},{},{}
NC_000962.3,WHO-UCN-GTB-PCI-2023.5,1.0,GARC1,RUS,STM,Rv2477c@*?,U,{},{},{}
NC_000962.3,WHO-UCN-GTB-PCI-2023.5,1.0,GARC1,RUS,STM,Rv2477c@-*?,U,{},{},{}
NC_000962.3,WHO-UCN-GTB-PCI-2023.5,1.0,GARC1,RUS,STM,Rv2477c@*_indel,U,{},{},{}
NC_000962.3,WHO-UCN-GTB-PCI-2023.5,1.0,GARC1,RUS,STM,Rv2477c@-*_indel,U,{},{},{}
NC_000962.3,WHO-UCN-GTB-PCI-2023.5,1.0,GARC1,RUS,STM,Rv2477c@*=,S,{},{},{}
NC_000962.3,WHO-UCN-GTB-PCI-2023.5,1.0,GARC1,RUS,PZA,PPE35@*?,U,{},{},{}
NC_000962.3,WHO-UCN-GTB-PCI-2023.5,1.0,GARC1,RUS,PZA,PPE35@-*?,U,{},{},{}
NC_000962.3,WHO-UCN-GTB-PCI-2023.5,1.0,GARC1,RUS,PZA,PPE35@*_indel,U,{},{},{}
NC_000962.3,WHO-UCN-GTB-PCI-2023.5,1.0,GARC1,RUS,PZA,PPE35@-*_indel,U,{},{},{}
NC_000962.3,WHO-UCN-GTB-PCI-2023.5,1.0,GARC1,RUS,PZA,PPE35@*=,S,{},{},{}
NC_000962.3,WHO-UCN-GTB-PCI-2023.5,1.0,GARC1,RUS,LEV,gyrB@*?,U,{},{},{}
NC_000962.3,WHO-UCN-GTB-PCI-2023.5,1.0,GARC1,RUS,LEV,gyrB@-*?,U,{},{},{}
NC_000962.3,WHO-UCN-GTB-PCI-2023.5,1.0,GARC1,RUS,LEV,gyrB@*_indel,U,{},{},{}
NC_000962.3,WHO-UCN-GTB-PCI-2023.5,1.0,GARC1,RUS,LEV,gyrB@-*_indel,U,{},{},{}
NC_000962.3,WHO-UCN-GTB-PCI-2023.5,1.0,GARC1,RUS,LEV,gyrB@*=,S,{},{},{}
NC_000962.3,WHO-UCN-GTB-PCI-2023.5,1.0,GARC1,RUS,BDQ,atpE@*?,U,{},{},{}
NC_000962.3,WHO-UCN-GTB-PCI-2023.5,1.0,GARC1,RUS,BDQ,atpE@-*?,U,{},{},{}
NC_000962.3,WHO-UCN-GTB-PCI-2023.5,1.0,GARC1,RUS,BDQ,atpE@*_indel,U,{},{},{}
NC_000962.3,WHO-UCN-GTB-PCI-2023.5,1.0,GARC1,RUS,BDQ,atpE@-*_indel,U,{},{},{}
NC_000962.3,WHO-UCN-GTB-PCI-2023.5,1.0,GARC1,RUS,BDQ,atpE@*=,S,{},{},{}
NC_000962.3,WHO-UCN-GTB-PCI-2023.5,1.0,GARC1,RUS,EMB,Rv2477c@*?,U,{},{},{}
NC_000962.3,WHO-UCN-GTB-PCI-2023.5,1.0,GARC1,RUS,EMB,Rv2477c@-*?,U,{},{},{}
NC_000962.3,WHO-UCN-GTB-PCI-2023.5,1.0,GARC1,RUS,EMB,Rv2477c@*_indel,U,{},{},{}
NC_000962.3,WHO-UCN-GTB-PCI-2023.5,1.0,GARC1,RUS,EMB,Rv2477c@-*_indel,U,{},{},{}
NC_000962.3,WHO-UCN-GTB-PCI-2023.5,1.0,GARC1,RUS,EMB,Rv2477c@*=,S,{},{},{}
NC_000962.3,WHO-UCN-GTB-PCI-2023.5,1.0,GARC1,RUS,PZA,sigE@*?,U,{},{},{}
NC_000962.3,WHO-UCN-GTB-PCI-2023.5,1.0,GARC1,RUS,PZA,sigE@-*?,U,{},{},{}
NC_000962.3,WHO-UCN-GTB-PCI-2023.5,1.0,GARC1,RUS,PZA,sigE@*_indel,U,{},{},{}
NC_000962.3,WHO-UCN-GTB-PCI-2023.5,1.0,GARC1,RUS,PZA,sigE@-*_indel,U,{},{},{}
NC_000962.3,WHO-UCN-GTB-PCI-2023.5,1.0,GARC1,RUS,PZA,sigE@*=,S,{},{},{}
NC_000962.3,WHO-UCN-GTB-PCI-2023.5,1.0,GARC1,RUS,INH,ndh@*?,U,{},{},{}
NC_000962.3,WHO-UCN-GTB-PCI-2023.5,1.0,GARC1,RUS,INH,ndh@-*?,U,{},{},{}
NC_000962.3,WHO-UCN-GTB-PCI-2023.5,1.0,GARC1,RUS,INH,ndh@*_indel,U,{},{},{}
NC_000962.3,WHO-UCN-GTB-PCI-2023.5,1.0,GARC1,RUS,INH,ndh@-*_indel,U,{},{},{}
NC_000962.3,WHO-UCN-GTB-PCI-2023.5,1.0,GARC1,RUS,INH,ndh@*=,S,{},{},{}
NC_000962.3,WHO-UCN-GTB-PCI-2023.5,1.0,GARC1,RUS,BDQ,Rv0678@*?,U,{},{},{}
NC_000962.3,WHO-UCN-GTB-PCI-2023.5,1.0,GARC1,RUS,BDQ,Rv0678@-*?,U,{},{},{}
NC_000962.3,WHO-UCN-GTB-PCI-2023.5,1.0,GARC1,RUS,BDQ,Rv0678@*_indel,U,{},{},{}
NC_000962.3,WHO-UCN-GTB-PCI-2023.5,1.0,GARC1,RUS,BDQ,Rv0678@-*_indel,U,{},{},{}
NC_000962.3,WHO-UCN-GTB-PCI-2023.5,1.0,GARC1,RUS,BDQ,Rv0678@*=,S,{},{},{}
NC_000962.3,WHO-UCN-GTB-PCI-2023.5,1.0,GARC1,RUS,ETH,Rv0565c@*?,U,{},{},{}
NC_000962.3,WHO-UCN-GTB-PCI-2023.5,1.0,GARC1,RUS,ETH,Rv0565c@-*?,U,{},{},{}
NC_000962.3,WHO-UCN-GTB-PCI-2023.5,1.0,GARC1,RUS,ETH,Rv0565c@*_indel,U,{},{},{}
NC_000962.3,WHO-UCN-GTB-PCI-2023.5,1.0,GARC1,RUS,ETH,Rv0565c@-*_indel,U,{},{},{}
NC_000962.3,WHO-UCN-GTB-PCI-2023.5,1.0,GARC1,RUS,ETH,Rv0565c@*=,S,{},{},{}
NC_000962.3,WHO-UCN-GTB-PCI-2023.5,1.0,GARC1,RUS,EMB,embR@*?,U,{},{},{}
NC_000962.3,WHO-UCN-GTB-PCI-2023.5,1.0,GARC1,RUS,EMB,embR@-*?,U,{},{},{}
NC_000962.3,WHO-UCN-GTB-PCI-2023.5,1.0,GARC1,RUS,EMB,embR@*_indel,U,{},{},{}
NC_000962.3,WHO-UCN-GTB-PCI-2023.5,1.0,GARC1,RUS,EMB,embR@-*_indel,U,{},{},{}
NC_000962.3,WHO-UCN-GTB-PCI-2023.5,1.0,GARC1,RUS,EMB,embR@*=,S,{},{},{}
NC_000962.3,WHO-UCN-GTB-PCI-2023.5,1.0,GARC1,RUS,RIF,rpoB@*?,U,{},{},{}
NC_000962.3,WHO-UCN-GTB-PCI-2023.5,1.0,GARC1,RUS,RIF,rpoB@-*?,U,{},{},{}
NC_000962.3,WHO-UCN-GTB-PCI-2023.5,1.0,GARC1,RUS,RIF,rpoB@*_indel,U,{},{},{}
NC_000962.3,WHO-UCN-GTB-PCI-2023.5,1.0,GARC1,RUS,RIF,rpoB@-*_indel,U,{},{},{}
NC_000962.3,WHO-UCN-GTB-PCI-2023.5,1.0,GARC1,RUS,RIF,rpoB@*=,S,{},{},{}
NC_000962.3,WHO-UCN-GTB-PCI-2023.5,1.0,GARC1,RUS,CAP,Rv2680@*?,U,{},{},{}
NC_000962.3,WHO-UCN-GTB-PCI-2023.5,1.0,GARC1,RUS,CAP,Rv2680@-*?,U,{},{},{}
NC_000962.3,WHO-UCN-GTB-PCI-2023.5,1.0,GARC1,RUS,CAP,Rv2680@*_indel,U,{},{},{}
NC_000962.3,WHO-UCN-GTB-PCI-2023.5,1.0,GARC1,RUS,CAP,Rv2680@-*_indel,U,{},{},{}
NC_000962.3,WHO-UCN-GTB-PCI-2023.5,1.0,GARC1,RUS,CAP,Rv2680@*=,S,{},{},{}
NC_000962.3,WHO-UCN-GTB-PCI-2023.5,1.0,GARC1,RUS,RIF,Rv2752c@*?,U,{},{},{}
NC_000962.3,WHO-UCN-GTB-PCI-2023.5,1.0,GARC1,RUS,RIF,Rv2752c@-*?,U,{},{},{}
NC_000962.3,WHO-UCN-GTB-PCI-2023.5,1.0,GARC1,RUS,RIF,Rv2752c@*_indel,U,{},{},{}
NC_000962.3,WHO-UCN-GTB-PCI-2023.5,1.0,GARC1,RUS,RIF,Rv2752c@-*_indel,U,{},{},{}
NC_000962.3,WHO-UCN-GTB-PCI-2023.5,1.0,GARC1,RUS,RIF,Rv2752c@*=,S,{},{},{}
NC_000962.3,WHO-UCN-GTB-PCI-2023.5,1.0,GARC1,RUS,EMB,glpK@*?,U,{},{},{}
NC_000962.3,WHO-UCN-GTB-PCI-2023.5,1.0,GARC1,RUS,EMB,glpK@-*?,U,{},{},{}
NC_000962.3,WHO-UCN-GTB-PCI-2023.5,1.0,GARC1,RUS,EMB,glpK@*_indel,U,{},{},{}
NC_000962.3,WHO-UCN-GTB-PCI-2023.5,1.0,GARC1,RUS,EMB,glpK@-*_indel,U,{},{},{}
NC_000962.3,WHO-UCN-GTB-PCI-2023.5,1.0,GARC1,RUS,EMB,glpK@*=,S,{},{},{}
NC_000962.3,WHO-UCN-GTB-PCI-2023.5,1.0,GARC1,RUS,STM,rrs@*?,U,{},{},{}
NC_000962.3,WHO-UCN-GTB-PCI-2023.5,1.0,GARC1,RUS,STM,rrs@-*?,U,{},{},{}
NC_000962.3,WHO-UCN-GTB-PCI-2023.5,1.0,GARC1,RUS,STM,rrs@*_indel,U,{},{},{}
NC_000962.3,WHO-UCN-GTB-PCI-2023.5,1.0,GARC1,RUS,STM,rrs@-*_indel,U,{},{},{}
NC_000962.3,WHO-UCN-GTB-PCI-2023.5,1.0,GARC1,RUS,STM,rrs@*=,S,{},{},{}
NC_000962.3,WHO-UCN-GTB-PCI-2023.5,1.0,GARC1,RUS,MXF,Rv2477c@*?,U,{},{},{}
NC_000962.3,WHO-UCN-GTB-PCI-2023.5,1.0,GARC1,RUS,MXF,Rv2477c@-*?,U,{},{},{}
NC_000962.3,WHO-UCN-GTB-PCI-2023.5,1.0,GARC1,RUS,MXF,Rv2477c@*_indel,U,{},{},{}
NC_000962.3,WHO-UCN-GTB-PCI-2023.5,1.0,GARC1,RUS,MXF,Rv2477c@-*_indel,U,{},{},{}
NC_000962.3,WHO-UCN-GTB-PCI-2023.5,1.0,GARC1,RUS,MXF,Rv2477c@*=,S,{},{},{}
NC_000962.3,WHO-UCN-GTB-PCI-2023.5,1.0,GARC1,RUS,BDQ,pepQ@*?,U,{},{},{}
NC_000962.3,WHO-UCN-GTB-PCI-2023.5,1.0,GARC1,RUS,BDQ,pepQ@-*?,U,{},{},{}
NC_000962.3,WHO-UCN-GTB-PCI-2023.5,1.0,GARC1,RUS,BDQ,pepQ@*_indel,U,{},{},{}
NC_000962.3,WHO-UCN-GTB-PCI-2023.5,1.0,GARC1,RUS,BDQ,pepQ@-*_indel,U,{},{},{}
NC_000962.3,WHO-UCN-GTB-PCI-2023.5,1.0,GARC1,RUS,BDQ,pepQ@*=,S,{},{},{}
NC_000962.3,WHO-UCN-GTB-PCI-2023.5,1.0,GARC1,RUS,ETH,mshA@*?,U,{},{},{}
NC_000962.3,WHO-UCN-GTB-PCI-2023.5,1.0,GARC1,RUS,ETH,mshA@-*?,U,{},{},{}
NC_000962.3,WHO-UCN-GTB-PCI-2023.5,1.0,GARC1,RUS,ETH,mshA@*_indel,U,{},{},{}
NC_000962.3,WHO-UCN-GTB-PCI-2023.5,1.0,GARC1,RUS,ETH,mshA@-*_indel,U,{},{},{}
NC_000962.3,WHO-UCN-GTB-PCI-2023.5,1.0,GARC1,RUS,ETH,mshA@*=,S,{},{},{}
NC_000962.3,WHO-UCN-GTB-PCI-2023.5,1.0,GARC1,RUS,DLM,fgd1@*?,U,{},{},{}
NC_000962.3,WHO-UCN-GTB-PCI-2023.5,1.0,GARC1,RUS,DLM,fgd1@-*?,U,{},{},{}
NC_000962.3,WHO-UCN-GTB-PCI-2023.5,1.0,GARC1,RUS,DLM,fgd1@*_indel,U,{},{},{}
NC_000962.3,WHO-UCN-GTB-PCI-2023.5,1.0,GARC1,RUS,DLM,fgd1@-*_indel,U,{},{},{}
NC_000962.3,WHO-UCN-GTB-PCI-2023.5,1.0,GARC1,RUS,DLM,fgd1@*=,S,{},{},{}
NC_000962.3,WHO-UCN-GTB-PCI-2023.5,1.0,GARC1,RUS,STM,gid@*?,U,{},{},{}
NC_000962.3,WHO-UCN-GTB-PCI-2023.5,1.0,GARC1,RUS,STM,gid@-*?,U,{},{},{}
NC_000962.3,WHO-UCN-GTB-PCI-2023.5,1.0,GARC1,RUS,STM,gid@*_indel,U,{},{},{}
NC_000962.3,WHO-UCN-GTB-PCI-2023.5,1.0,GARC1,RUS,STM,gid@-*_indel,U,{},{},{}
NC_000962.3,WHO-UCN-GTB-PCI-2023.5,1.0,GARC1,RUS,STM,gid@*=,S,{},{},{}
NC_000962.3,WHO-UCN-GTB-PCI-2023.5,1.0,GARC1,RUS,BDQ,mtrB@*?,U,{},{},{}
NC_000962.3,WHO-UCN-GTB-PCI-2023.5,1.0,GARC1,RUS,BDQ,mtrB@-*?,U,{},{},{}
NC_000962.3,WHO-UCN-GTB-PCI-2023.5,1.0,GARC1,RUS,BDQ,mtrB@*_indel,U,{},{},{}
NC_000962.3,WHO-UCN-GTB-PCI-2023.5,1.0,GARC1,RUS,BDQ,mtrB@-*_indel,U,{},{},{}
NC_000962.3,WHO-UCN-GTB-PCI-2023.5,1.0,GARC1,RUS,BDQ,mtrB@*=,S,{},{},{}
NC_000962.3,WHO-UCN-GTB-PCI-2023.5,1.0,GARC1,RUS,LZD,rrl@*?,U,{},{},{}
NC_000962.3,WHO-UCN-GTB-PCI-2023.5,1.0,GARC1,RUS,LZD,rrl@-*?,U,{},{},{}
NC_000962.3,WHO-UCN-GTB-PCI-2023.5,1.0,GARC1,RUS,LZD,rrl@*_indel,U,{},{},{}
NC_000962.3,WHO-UCN-GTB-PCI-2023.5,1.0,GARC1,RUS,LZD,rrl@-*_indel,U,{},{},{}
NC_000962.3,WHO-UCN-GTB-PCI-2023.5,1.0,GARC1,RUS,LZD,rrl@*=,S,{},{},{}
NC_000962.3,WHO-UCN-GTB-PCI-2023.5,1.0,GARC1,RUS,INH,Rv1129c@*?,U,{},{},{}
NC_000962.3,WHO-UCN-GTB-PCI-2023.5,1.0,GARC1,RUS,INH,Rv1129c@-*?,U,{},{},{}
NC_000962.3,WHO-UCN-GTB-PCI-2023.5,1.0,GARC1,RUS,INH,Rv1129c@*_indel,U,{},{},{}
NC_000962.3,WHO-UCN-GTB-PCI-2023.5,1.0,GARC1,RUS,INH,Rv1129c@-*_indel,U,{},{},{}
NC_000962.3,WHO-UCN-GTB-PCI-2023.5,1.0,GARC1,RUS,INH,Rv1129c@*=,S,{},{},{}
NC_000962.3,WHO-UCN-GTB-PCI-2023.5,1.0,GARC1,RUS,PZA,Rv2042c@*?,U,{},{},{}
NC_000962.3,WHO-UCN-GTB-PCI-2023.5,1.0,GARC1,RUS,PZA,Rv2042c@-*?,U,{},{},{}
NC_000962.3,WHO-UCN-GTB-PCI-2023.5,1.0,GARC1,RUS,PZA,Rv2042c@*_indel,U,{},{},{}
NC_000962.3,WHO-UCN-GTB-PCI-2023.5,1.0,GARC1,RUS,PZA,Rv2042c@-*_indel,U,{},{},{}
NC_000962.3,WHO-UCN-GTB-PCI-2023.5,1.0,GARC1,RUS,PZA,Rv2042c@*=,S,{},{},{}
NC_000962.3,WHO-UCN-GTB-PCI-2023.5,1.0,GARC1,RUS,CAP,bacA@*?,U,{},{},{}
NC_000962.3,WHO-UCN-GTB-PCI-2023.5,1.0,GARC1,RUS,CAP,bacA@-*?,U,{},{},{}
NC_000962.3,WHO-UCN-GTB-PCI-2023.5,1.0,GARC1,RUS,CAP,bacA@*_indel,U,{},{},{}
NC_000962.3,WHO-UCN-GTB-PCI-2023.5,1.0,GARC1,RUS,CAP,bacA@-*_indel,U,{},{},{}
NC_000962.3,WHO-UCN-GTB-PCI-2023.5,1.0,GARC1,RUS,CAP,bacA@*=,S,{},{},{}
NC_000962.3,WHO-UCN-GTB-PCI-2023.5,1.0,GARC1,RUS,AMI,rrs@*?,U,{},{},{}
NC_000962.3,WHO-UCN-GTB-PCI-2023.5,1.0,GARC1,RUS,AMI,rrs@-*?,U,{},{},{}
NC_000962.3,WHO-UCN-GTB-PCI-2023.5,1.0,GARC1,RUS,AMI,rrs@*_indel,U,{},{},{}
NC_000962.3,WHO-UCN-GTB-PCI-2023.5,1.0,GARC1,RUS,AMI,rrs@-*_indel,U,{},{},{}
NC_000962.3,WHO-UCN-GTB-PCI-2023.5,1.0,GARC1,RUS,AMI,rrs@*=,S,{},{},{}
NC_000962.3,WHO-UCN-GTB-PCI-2023.5,1.0,GARC1,RUS,INH,Rv0010c@*?,U,{},{},{}
NC_000962.3,WHO-UCN-GTB-PCI-2023.5,1.0,GARC1,RUS,INH,Rv0010c@-*?,U,{},{},{}
NC_000962.3,WHO-UCN-GTB-PCI-2023.5,1.0,GARC1,RUS,INH,Rv0010c@*_indel,U,{},{},{}
NC_000962.3,WHO-UCN-GTB-PCI-2023.5,1.0,GARC1,RUS,INH,Rv0010c@-*_indel,U,{},{},{}
NC_000962.3,WHO-UCN-GTB-PCI-2023.5,1.0,GARC1,RUS,INH,Rv0010c@*=,S,{},{},{}
NC_000962.3,WHO-UCN-GTB-PCI-2023.5,1.0,GARC1,RUS,INH,glpK@*?,U,{},{},{}
NC_000962.3,WHO-UCN-GTB-PCI-2023.5,1.0,GARC1,RUS,INH,glpK@-*?,U,{},{},{}
NC_000962.3,WHO-UCN-GTB-PCI-2023.5,1.0,GARC1,RUS,INH,glpK@*_indel,U,{},{},{}
NC_000962.3,WHO-UCN-GTB-PCI-2023.5,1.0,GARC1,RUS,INH,glpK@-*_indel,U,{},{},{}
NC_000962.3,WHO-UCN-GTB-PCI-2023.5,1.0,GARC1,RUS,INH,glpK@*=,S,{},{},{}
NC_000962.3,WHO-UCN-GTB-PCI-2023.5,1.0,GARC1,RUS,KAN,rrs@*?,U,{},{},{}
NC_000962.3,WHO-UCN-GTB-PCI-2023.5,1.0,GARC1,RUS,KAN,rrs@-*?,U,{},{},{}
NC_000962.3,WHO-UCN-GTB-PCI-2023.5,1.0,GARC1,RUS,KAN,rrs@*_indel,U,{},{},{}
NC_000962.3,WHO-UCN-GTB-PCI-2023.5,1.0,GARC1,RUS,KAN,rrs@-*_indel,U,{},{},{}
NC_000962.3,WHO-UCN-GTB-PCI-2023.5,1.0,GARC1,RUS,KAN,rrs@*=,S,{},{},{}
NC_000962.3,WHO-UCN-GTB-PCI-2023.5,1.0,GARC1,RUS,CAP,whiB6@*?,U,{},{},{}
NC_000962.3,WHO-UCN-GTB-PCI-2023.5,1.0,GARC1,RUS,CAP,whiB6@-*?,U,{},{},{}
NC_000962.3,WHO-UCN-GTB-PCI-2023.5,1.0,GARC1,RUS,CAP,whiB6@*_indel,U,{},{},{}
NC_000962.3,WHO-UCN-GTB-PCI-2023.5,1.0,GARC1,RUS,CAP,whiB6@-*_indel,U,{},{},{}
NC_000962.3,WHO-UCN-GTB-PCI-2023.5,1.0,GARC1,RUS,CAP,whiB6@*=,S,{},{},{}
NC_000962.3,WHO-UCN-GTB-PCI-2023.5,1.0,GARC1,RUS,INH,inhA@*?,U,{},{},{}
NC_000962.3,WHO-UCN-GTB-PCI-2023.5,1.0,GARC1,RUS,INH,inhA@-*?,U,{},{},{}
NC_000962.3,WHO-UCN-GTB-PCI-2023.5,1.0,GARC1,RUS,INH,inhA@*_indel,U,{},{},{}
NC_000962.3,WHO-UCN-GTB-PCI-2023.5,1.0,GARC1,RUS,INH,inhA@-*_indel,U,{},{},{}
NC_000962.3,WHO-UCN-GTB-PCI-2023.5,1.0,GARC1,RUS,INH,inhA@*=,S,{},{},{}
NC_000962.3,WHO-UCN-GTB-PCI-2023.5,1.0,GARC1,RUS,BDQ,mmpS5@*?,U,{},{},{}
NC_000962.3,WHO-UCN-GTB-PCI-2023.5,1.0,GARC1,RUS,BDQ,mmpS5@-*?,U,{},{},{}
NC_000962.3,WHO-UCN-GTB-PCI-2023.5,1.0,GARC1,RUS,BDQ,mmpS5@*_indel,U,{},{},{}
NC_000962.3,WHO-UCN-GTB-PCI-2023.5,1.0,GARC1,RUS,BDQ,mmpS5@-*_indel,U,{},{},{}
NC_000962.3,WHO-UCN-GTB-PCI-2023.5,1.0,GARC1,RUS,BDQ,mmpS5@*=,S,{},{},{}
NC_000962.3,WHO-UCN-GTB-PCI-2023.5,1.0,GARC1,RUS,MXF,gyrB@*?,U,{},{},{}
NC_000962.3,WHO-UCN-GTB-PCI-2023.5,1.0,GARC1,RUS,MXF,gyrB@-*?,U,{},{},{}
NC_000962.3,WHO-UCN-GTB-PCI-2023.5,1.0,GARC1,RUS,MXF,gyrB@*_indel,U,{},{},{}
NC_000962.3,WHO-UCN-GTB-PCI-2023.5,1.0,GARC1,RUS,MXF,gyrB@-*_indel,U,{},{},{}
NC_000962.3,WHO-UCN-GTB-PCI-2023.5,1.0,GARC1,RUS,MXF,gyrB@*=,S,{},{},{}
NC_000962.3,WHO-UCN-GTB-PCI-2023.5,1.0,GARC1,RUS,INH,Rv1906c@*?,U,{},{},{}
NC_000962.3,WHO-UCN-GTB-PCI-2023.5,1.0,GARC1,RUS,INH,Rv1906c@-*?,U,{},{},{}
NC_000962.3,WHO-UCN-GTB-PCI-2023.5,1.0,GARC1,RUS,INH,Rv1906c@*_indel,U,{},{},{}
NC_000962.3,WHO-UCN-GTB-PCI-2023.5,1.0,GARC1,RUS,INH,Rv1906c@-*_indel,U,{},{},{}
NC_000962.3,WHO-UCN-GTB-PCI-2023.5,1.0,GARC1,RUS,INH,Rv1906c@*=,S,{},{},{}
NC_000962.3,WHO-UCN-GTB-PCI-2023.5,1.0,GARC1,RUS,INH,katG@*?,U,{},{},{}
NC_000962.3,WHO-UCN-GTB-PCI-2023.5,1.0,GARC1,RUS,INH,katG@-*?,U,{},{},{}
NC_000962.3,WHO-UCN-GTB-PCI-2023.5,1.0,GARC1,RUS,INH,katG@*_indel,U,{},{},{}
NC_000962.3,WHO-UCN-GTB-PCI-2023.5,1.0,GARC1,RUS,INH,katG@-*_indel,U,{},{},{}
NC_000962.3,WHO-UCN-GTB-PCI-2023.5,1.0,GARC1,RUS,INH,katG@*=,S,{},{},{}
NC_000962.3,WHO-UCN-GTB-PCI-2023.5,1.0,GARC1,RUS,ETH,Rv3083@*?,U,{},{},{}
NC_000962.3,WHO-UCN-GTB-PCI-2023.5,1.0,GARC1,RUS,ETH,Rv3083@-*?,U,{},{},{}
NC_000962.3,WHO-UCN-GTB-PCI-2023.5,1.0,GARC1,RUS,ETH,Rv3083@*_indel,U,{},{},{}
NC_000962.3,WHO-UCN-GTB-PCI-2023.5,1.0,GARC1,RUS,ETH,Rv3083@-*_indel,U,{},{},{}
NC_000962.3,WHO-UCN-GTB-PCI-2023.5,1.0,GARC1,RUS,ETH,Rv3083@*=,S,{},{},{}
NC_000962.3,WHO-UCN-GTB-PCI-2023.5,1.0,GARC1,RUS,LEV,Rv2752c@*?,U,{},{},{}
NC_000962.3,WHO-UCN-GTB-PCI-2023.5,1.0,GARC1,RUS,LEV,Rv2752c@-*?,U,{},{},{}
NC_000962.3,WHO-UCN-GTB-PCI-2023.5,1.0,GARC1,RUS,LEV,Rv2752c@*_indel,U,{},{},{}
NC_000962.3,WHO-UCN-GTB-PCI-2023.5,1.0,GARC1,RUS,LEV,Rv2752c@-*_indel,U,{},{},{}
NC_000962.3,WHO-UCN-GTB-PCI-2023.5,1.0,GARC1,RUS,LEV,Rv2752c@*=,S,{},{},{}
NC_000962.3,WHO-UCN-GTB-PCI-2023.5,1.0,GARC1,RUS,DLM,ddn@*?,U,{},{},{}
NC_000962.3,WHO-UCN-GTB-PCI-2023.5,1.0,GARC1,RUS,DLM,ddn@-*?,U,{},{},{}
NC_000962.3,WHO-UCN-GTB-PCI-2023.5,1.0,GARC1,RUS,DLM,ddn@*_indel,U,{},{},{}
NC_000962.3,WHO-UCN-GTB-PCI-2023.5,1.0,GARC1,RUS,DLM,ddn@-*_indel,U,{},{},{}
NC_000962.3,WHO-UCN-GTB-PCI-2023.5,1.0,GARC1,RUS,DLM,ddn@*=,S,{},{},{}
NC_000962.3,WHO-UCN-GTB-PCI-2023.5,1.0,GARC1,RUS,CFZ,Rv1979c@*?,U,{},{},{}
NC_000962.3,WHO-UCN-GTB-PCI-2023.5,1.0,GARC1,RUS,CFZ,Rv1979c@-*?,U,{},{},{}
NC_000962.3,WHO-UCN-GTB-PCI-2023.5,1.0,GARC1,RUS,CFZ,Rv1979c@*_indel,U,{},{},{}
NC_000962.3,WHO-UCN-GTB-PCI-2023.5,1.0,GARC1,RUS,CFZ,Rv1979c@-*_indel,U,{},{},{}
NC_000962.3,WHO-UCN-GTB-PCI-2023.5,1.0,GARC1,RUS,CFZ,Rv1979c@*=,S,{},{},{}
NC_000962.3,WHO-UCN-GTB-PCI-2023.5,1.0,GARC1,RUS,CFZ,Rv2536@*?,U,{},{},{}
NC_000962.3,WHO-UCN-GTB-PCI-2023.5,1.0,GARC1,RUS,CFZ,Rv2536@-*?,U,{},{},{}
NC_000962.3,WHO-UCN-GTB-PCI-2023.5,1.0,GARC1,RUS,CFZ,Rv2536@*_indel,U,{},{},{}
NC_000962.3,WHO-UCN-GTB-PCI-2023.5,1.0,GARC1,RUS,CFZ,Rv2536@-*_indel,U,{},{},{}
NC_000962.3,WHO-UCN-GTB-PCI-2023.5,1.0,GARC1,RUS,CFZ,Rv2536@*=,S,{},{},{}
NC_000962.3,WHO-UCN-GTB-PCI-2023.5,1.0,GARC1,RUS,INH,Rv1907c@*?,U,{},{},{}
NC_000962.3,WHO-UCN-GTB-PCI-2023.5,1.0,GARC1,RUS,INH,Rv1907c@-*?,U,{},{},{}
NC_000962.3,WHO-UCN-GTB-PCI-2023.5,1.0,GARC1,RUS,INH,Rv1907c@*_indel,U,{},{},{}
NC_000962.3,WHO-UCN-GTB-PCI-2023.5,1.0,GARC1,RUS,INH,Rv1907c@-*_indel,U,{},{},{}
NC_000962.3,WHO-UCN-GTB-PCI-2023.5,1.0,GARC1,RUS,INH,Rv1907c@*=,S,{},{},{}
NC_000962.3,WHO-UCN-GTB-PCI-2023.5,1.0,GARC1,RUS,EMB,embB@*?,U,{},{},{}
NC_000962.3,WHO-UCN-GTB-PCI-2023.5,1.0,GARC1,RUS,EMB,embB@-*?,U,{},{},{}
NC_000962.3,WHO-UCN-GTB-PCI-2023.5,1.0,GARC1,RUS,EMB,embB@*_indel,U,{},{},{}
NC_000962.3,WHO-UCN-GTB-PCI-2023.5,1.0,GARC1,RUS,EMB,embB@-*_indel,U,{},{},{}
NC_000962.3,WHO-UCN-GTB-PCI-2023.5,1.0,GARC1,RUS,EMB,embB@*=,S,{},{},{}
NC_000962.3,WHO-UCN-GTB-PCI-2023.5,1.0,GARC1,RUS,RIF,mtrB@*?,U,{},{},{}
NC_000962.3,WHO-UCN-GTB-PCI-2023.5,1.0,GARC1,RUS,RIF,mtrB@-*?,U,{},{},{}
NC_000962.3,WHO-UCN-GTB-PCI-2023.5,1.0,GARC1,RUS,RIF,mtrB@*_indel,U,{},{},{}
NC_000962.3,WHO-UCN-GTB-PCI-2023.5,1.0,GARC1,RUS,RIF,mtrB@-*_indel,U,{},{},{}
NC_000962.3,WHO-UCN-GTB-PCI-2023.5,1.0,GARC1,RUS,RIF,mtrB@*=,S,{},{},{}
NC_000962.3,WHO-UCN-GTB-PCI-2023.5,1.0,GARC1,RUS,ETH,ethA@*?,U,{},{},{}
NC_000962.3,WHO-UCN-GTB-PCI-2023.5,1.0,GARC1,RUS,ETH,ethA@-*?,U,{},{},{}
NC_000962.3,WHO-UCN-GTB-PCI-2023.5,1.0,GARC1,RUS,ETH,ethA@*_indel,U,{},{},{}
NC_000962.3,WHO-UCN-GTB-PCI-2023.5,1.0,GARC1,RUS,ETH,ethA@-*_indel,U,{},{},{}
NC_000962.3,WHO-UCN-GTB-PCI-2023.5,1.0,GARC1,RUS,ETH,ethA@*=,S,{},{},{}
NC_000962.3,WHO-UCN-GTB-PCI-2023.5,1.0,GARC1,RUS,CAP,tlyA@*?,U,{},{},{}
NC_000962.3,WHO-UCN-GTB-PCI-2023.5,1.0,GARC1,RUS,CAP,tlyA@-*?,U,{},{},{}
NC_000962.3,WHO-UCN-GTB-PCI-2023.5,1.0,GARC1,RUS,CAP,tlyA@*_indel,U,{},{},{}
NC_000962.3,WHO-UCN-GTB-PCI-2023.5,1.0,GARC1,RUS,CAP,tlyA@-*_indel,U,{},{},{}
NC_000962.3,WHO-UCN-GTB-PCI-2023.5,1.0,GARC1,RUS,CAP,tlyA@*=,S,{},{},{}
NC_000962.3,WHO-UCN-GTB-PCI-2023.5,1.0,GARC1,RUS,BDQ,efp@*?,U,{},{},{}
NC_000962.3,WHO-UCN-GTB-PCI-2023.5,1.0,GARC1,RUS,BDQ,efp@-*?,U,{},{},{}
NC_000962.3,WHO-UCN-GTB-PCI-2023.5,1.0,GARC1,RUS,BDQ,efp@*_indel,U,{},{},{}
NC_000962.3,WHO-UCN-GTB-PCI-2023.5,1.0,GARC1,RUS,BDQ,efp@-*_indel,U,{},{},{}
NC_000962.3,WHO-UCN-GTB-PCI-2023.5,1.0,GARC1,RUS,BDQ,efp@*=,S,{},{},{}
NC_000962.3,WHO-UCN-GTB-PCI-2023.5,1.0,GARC1,RUS,RIF,Rv1129c@*?,U,{},{},{}
NC_000962.3,WHO-UCN-GTB-PCI-2023.5,1.0,GARC1,RUS,RIF,Rv1129c@-*?,U,{},{},{}
NC_000962.3,WHO-UCN-GTB-PCI-2023.5,1.0,GARC1,RUS,RIF,Rv1129c@*_indel,U,{},{},{}
NC_000962.3,WHO-UCN-GTB-PCI-2023.5,1.0,GARC1,RUS,RIF,Rv1129c@-*_indel,U,{},{},{}
NC_000962.3,WHO-UCN-GTB-PCI-2023.5,1.0,GARC1,RUS,RIF,Rv1129c@*=,S,{},{},{}
NC_000962.3,WHO-UCN-GTB-PCI-2023.5,1.0,GARC1,RUS,ETH,fabG1@*?,U,{},{},{}
NC_000962.3,WHO-UCN-GTB-PCI-2023.5,1.0,GARC1,RUS,ETH,fabG1@-*?,U,{},{},{}
NC_000962.3,WHO-UCN-GTB-PCI-2023.5,1.0,GARC1,RUS,ETH,fabG1@*_indel,U,{},{},{}
NC_000962.3,WHO-UCN-GTB-PCI-2023.5,1.0,GARC1,RUS,ETH,fabG1@-*_indel,U,{},{},{}
NC_000962.3,WHO-UCN-GTB-PCI-2023.5,1.0,GARC1,RUS,ETH,fabG1@*=,S,{},{},{}
NC_000962.3,WHO-UCN-GTB-PCI-2023.5,1.0,GARC1,RUS,EMB,Rv2752c@*?,U,{},{},{}
NC_000962.3,WHO-UCN-GTB-PCI-2023.5,1.0,GARC1,RUS,EMB,Rv2752c@-*?,U,{},{},{}
NC_000962.3,WHO-UCN-GTB-PCI-2023.5,1.0,GARC1,RUS,EMB,Rv2752c@*_indel,U,{},{},{}
NC_000962.3,WHO-UCN-GTB-PCI-2023.5,1.0,GARC1,RUS,EMB,Rv2752c@-*_indel,U,{},{},{}
NC_000962.3,WHO-UCN-GTB-PCI-2023.5,1.0,GARC1,RUS,EMB,Rv2752c@*=,S,{},{},{}
NC_000962.3,WHO-UCN-GTB-PCI-2023.5,1.0,GARC1,RUS,CFZ,fgd1@*?,U,{},{},{}
NC_000962.3,WHO-UCN-GTB-PCI-2023.5,1.0,GARC1,RUS,CFZ,fgd1@-*?,U,{},{},{}
NC_000962.3,WHO-UCN-GTB-PCI-2023.5,1.0,GARC1,RUS,CFZ,fgd1@*_indel,U,{},{},{}
NC_000962.3,WHO-UCN-GTB-PCI-2023.5,1.0,GARC1,RUS,CFZ,fgd1@-*_indel,U,{},{},{}
NC_000962.3,WHO-UCN-GTB-PCI-2023.5,1.0,GARC1,RUS,CFZ,fgd1@*=,S,{},{},{}
NC_000962.3,WHO-UCN-GTB-PCI-2023.5,1.0,GARC1,RUS,RIF,glpK@*?,U,{},{},{}
NC_000962.3,WHO-UCN-GTB-PCI-2023.5,1.0,GARC1,RUS,RIF,glpK@-*?,U,{},{},{}
NC_000962.3,WHO-UCN-GTB-PCI-2023.5,1.0,GARC1,RUS,RIF,glpK@*_indel,U,{},{},{}
NC_000962.3,WHO-UCN-GTB-PCI-2023.5,1.0,GARC1,RUS,RIF,glpK@-*_indel,U,{},{},{}
NC_000962.3,WHO-UCN-GTB-PCI-2023.5,1.0,GARC1,RUS,RIF,glpK@*=,S,{},{},{}
NC_000962.3,WHO-UCN-GTB-PCI-2023.5,1.0,GARC1,RUS,STM,bacA@*?,U,{},{},{}
NC_000962.3,WHO-UCN-GTB-PCI-2023.5,1.0,GARC1,RUS,STM,bacA@-*?,U,{},{},{}
NC_000962.3,WHO-UCN-GTB-PCI-2023.5,1.0,GARC1,RUS,STM,bacA@*_indel,U,{},{},{}
NC_000962.3,WHO-UCN-GTB-PCI-2023.5,1.0,GARC1,RUS,STM,bacA@-*_indel,U,{},{},{}
NC_000962.3,WHO-UCN-GTB-PCI-2023.5,1.0,GARC1,RUS,STM,bacA@*=,S,{},{},{}
NC_000962.3,WHO-UCN-GTB-PCI-2023.5,1.0,GARC1,RUS,STM,Rv3920c@*?,U,{},{},{}
NC_000962.3,WHO-UCN-GTB-PCI-2023.5,1.0,GARC1,RUS,STM,Rv3920c@-*?,U,{},{},{}
NC_000962.3,WHO-UCN-GTB-PCI-2023.5,1.0,GARC1,RUS,STM,Rv3920c@*_indel,U,{},{},{}
NC_000962.3,WHO-UCN-GTB-PCI-2023.5,1.0,GARC1,RUS,STM,Rv3920c@-*_indel,U,{},{},{}
NC_000962.3,WHO-UCN-GTB-PCI-2023.5,1.0,GARC1,RUS,STM,Rv3920c@*=,S,{},{},{}
NC_000962.3,WHO-UCN-GTB-PCI-2023.5,1.0,GARC1,RUS,STM,Rv1258c@*?,U,{},{},{}
NC_000962.3,WHO-UCN-GTB-PCI-2023.5,1.0,GARC1,RUS,STM,Rv1258c@-*?,U,{},{},{}
NC_000962.3,WHO-UCN-GTB-PCI-2023.5,1.0,GARC1,RUS,STM,Rv1258c@*_indel,U,{},{},{}
NC_000962.3,WHO-UCN-GTB-PCI-2023.5,1.0,GARC1,RUS,STM,Rv1258c@-*_indel,U,{},{},{}
NC_000962.3,WHO-UCN-GTB-PCI-2023.5,1.0,GARC1,RUS,STM,Rv1258c@*=,S,{},{},{}
NC_000962.3,WHO-UCN-GTB-PCI-2023.5,1.0,GARC1,RUS,CAP,rrs@*?,U,{},{},{}
NC_000962.3,WHO-UCN-GTB-PCI-2023.5,1.0,GARC1,RUS,CAP,rrs@-*?,U,{},{},{}
NC_000962.3,WHO-UCN-GTB-PCI-2023.5,1.0,GARC1,RUS,CAP,rrs@*_indel,U,{},{},{}
NC_000962.3,WHO-UCN-GTB-PCI-2023.5,1.0,GARC1,RUS,CAP,rrs@-*_indel,U,{},{},{}
NC_000962.3,WHO-UCN-GTB-PCI-2023.5,1.0,GARC1,RUS,CAP,rrs@*=,S,{},{},{}
NC_000962.3,WHO-UCN-GTB-PCI-2023.5,1.0,GARC1,RUS,PZA,Rv2044c@*?,U,{},{},{}
NC_000962.3,WHO-UCN-GTB-PCI-2023.5,1.0,GARC1,RUS,PZA,Rv2044c@-*?,U,{},{},{}
NC_000962.3,WHO-UCN-GTB-PCI-2023.5,1.0,GARC1,RUS,PZA,Rv2044c@*_indel,U,{},{},{}
NC_000962.3,WHO-UCN-GTB-PCI-2023.5,1.0,GARC1,RUS,PZA,Rv2044c@-*_indel,U,{},{},{}
NC_000962.3,WHO-UCN-GTB-PCI-2023.5,1.0,GARC1,RUS,PZA,Rv2044c@*=,S,{},{},{}
NC_000962.3,WHO-UCN-GTB-PCI-2023.5,1.0,GARC1,RUS,CAP,rrl@*?,U,{},{},{}
NC_000962.3,WHO-UCN-GTB-PCI-2023.5,1.0,GARC1,RUS,CAP,rrl@-*?,U,{},{},{}
NC_000962.3,WHO-UCN-GTB-PCI-2023.5,1.0,GARC1,RUS,CAP,rrl@*_indel,U,{},{},{}
NC_000962.3,WHO-UCN-GTB-PCI-2023.5,1.0,GARC1,RUS,CAP,rrl@-*_indel,U,{},{},{}
NC_000962.3,WHO-UCN-GTB-PCI-2023.5,1.0,GARC1,RUS,CAP,rrl@*=,S,{},{},{}
NC_000962.3,WHO-UCN-GTB-PCI-2023.5,1.0,GARC1,RUS,MXF,Rv2752c@*?,U,{},{},{}
NC_000962.3,WHO-UCN-GTB-PCI-2023.5,1.0,GARC1,RUS,MXF,Rv2752c@-*?,U,{},{},{}
NC_000962.3,WHO-UCN-GTB-PCI-2023.5,1.0,GARC1,RUS,MXF,Rv2752c@*_indel,U,{},{},{}
NC_000962.3,WHO-UCN-GTB-PCI-2023.5,1.0,GARC1,RUS,MXF,Rv2752c@-*_indel,U,{},{},{}
NC_000962.3,WHO-UCN-GTB-PCI-2023.5,1.0,GARC1,RUS,MXF,Rv2752c@*=,S,{},{},{}
NC_000962.3,WHO-UCN-GTB-PCI-2023.5,1.0,GARC1,RUS,INH,Rv2752c@*?,U,{},{},{}
NC_000962.3,WHO-UCN-GTB-PCI-2023.5,1.0,GARC1,RUS,INH,Rv2752c@-*?,U,{},{},{}
NC_000962.3,WHO-UCN-GTB-PCI-2023.5,1.0,GARC1,RUS,INH,Rv2752c@*_indel,U,{},{},{}
NC_000962.3,WHO-UCN-GTB-PCI-2023.5,1.0,GARC1,RUS,INH,Rv2752c@-*_indel,U,{},{},{}
NC_000962.3,WHO-UCN-GTB-PCI-2023.5,1.0,GARC1,RUS,INH,Rv2752c@*=,S,{},{},{}
NC_000962.3,WHO-UCN-GTB-PCI-2023.5,1.0,GARC1,RUS,PZA,rpsA@*?,U,{},{},{}
NC_000962.3,WHO-UCN-GTB-PCI-2023.5,1.0,GARC1,RUS,PZA,rpsA@-*?,U,{},{},{}
NC_000962.3,WHO-UCN-GTB-PCI-2023.5,1.0,GARC1,RUS,PZA,rpsA@*_indel,U,{},{},{}
NC_000962.3,WHO-UCN-GTB-PCI-2023.5,1.0,GARC1,RUS,PZA,rpsA@-*_indel,U,{},{},{}
NC_000962.3,WHO-UCN-GTB-PCI-2023.5,1.0,GARC1,RUS,PZA,rpsA@*=,S,{},{},{}
NC_000962.3,WHO-UCN-GTB-PCI-2023.5,1.0,GARC1,RUS,INH,mshA@*?,U,{},{},{}
NC_000962.3,WHO-UCN-GTB-PCI-2023.5,1.0,GARC1,RUS,INH,mshA@-*?,U,{},{},{}
NC_000962.3,WHO-UCN-GTB-PCI-2023.5,1.0,GARC1,RUS,INH,mshA@*_indel,U,{},{},{}
NC_000962.3,WHO-UCN-GTB-PCI-2023.5,1.0,GARC1,RUS,INH,mshA@-*_indel,U,{},{},{}
NC_000962.3,WHO-UCN-GTB-PCI-2023.5,1.0,GARC1,RUS,INH,mshA@*=,S,{},{},{}
NC_000962.3,WHO-UCN-GTB-PCI-2023.5,1.0,GARC1,RUS,PZA,panD@*?,U,{},{},{}
NC_000962.3,WHO-UCN-GTB-PCI-2023.5,1.0,GARC1,RUS,PZA,panD@-*?,U,{},{},{}
NC_000962.3,WHO-UCN-GTB-PCI-2023.5,1.0,GARC1,RUS,PZA,panD@*_indel,U,{},{},{}
NC_000962.3,WHO-UCN-GTB-PCI-2023.5,1.0,GARC1,RUS,PZA,panD@-*_indel,U,{},{},{}
NC_000962.3,WHO-UCN-GTB-PCI-2023.5,1.0,GARC1,RUS,PZA,panD@*=,S,{},{},{}
NC_000962.3,WHO-UCN-GTB-PCI-2023.5,1.0,GARC1,RUS,ETH,ndh@*?,U,{},{},{}
NC_000962.3,WHO-UCN-GTB-PCI-2023.5,1.0,GARC1,RUS,ETH,ndh@-*?,U,{},{},{}
NC_000962.3,WHO-UCN-GTB-PCI-2023.5,1.0,GARC1,RUS,ETH,ndh@*_indel,U,{},{},{}
NC_000962.3,WHO-UCN-GTB-PCI-2023.5,1.0,GARC1,RUS,ETH,ndh@-*_indel,U,{},{},{}
NC_000962.3,WHO-UCN-GTB-PCI-2023.5,1.0,GARC1,RUS,ETH,ndh@*=,S,{},{},{}
NC_000962.3,WHO-UCN-GTB-PCI-2023.5,1.0,GARC1,RUS,AMI,bacA@*?,U,{},{},{}
NC_000962.3,WHO-UCN-GTB-PCI-2023.5,1.0,GARC1,RUS,AMI,bacA@-*?,U,{},{},{}
NC_000962.3,WHO-UCN-GTB-PCI-2023.5,1.0,GARC1,RUS,AMI,bacA@*_indel,U,{},{},{}
NC_000962.3,WHO-UCN-GTB-PCI-2023.5,1.0,GARC1,RUS,AMI,bacA@-*_indel,U,{},{},{}
NC_000962.3,WHO-UCN-GTB-PCI-2023.5,1.0,GARC1,RUS,AMI,bacA@*=,S,{},{},{}
NC_000962.3,WHO-UCN-GTB-PCI-2023.5,1.0,GARC1,RUS,BDQ,Rv1979c@*?,U,{},{},{}
NC_000962.3,WHO-UCN-GTB-PCI-2023.5,1.0,GARC1,RUS,BDQ,Rv1979c@-*?,U,{},{},{}
NC_000962.3,WHO-UCN-GTB-PCI-2023.5,1.0,GARC1,RUS,BDQ,Rv1979c@*_indel,U,{},{},{}
NC_000962.3,WHO-UCN-GTB-PCI-2023.5,1.0,GARC1,RUS,BDQ,Rv1979c@-*_indel,U,{},{},{}
NC_000962.3,WHO-UCN-GTB-PCI-2023.5,1.0,GARC1,RUS,BDQ,Rv1979c@*=,S,{},{},{}
NC_000962.3,WHO-UCN-GTB-PCI-2023.5,1.0,GARC1,RUS,ETH,ethR@*?,U,{},{},{}
NC_000962.3,WHO-UCN-GTB-PCI-2023.5,1.0,GARC1,RUS,ETH,ethR@-*?,U,{},{},{}
NC_000962.3,WHO-UCN-GTB-PCI-2023.5,1.0,GARC1,RUS,ETH,ethR@*_indel,U,{},{},{}
NC_000962.3,WHO-UCN-GTB-PCI-2023.5,1.0,GARC1,RUS,ETH,ethR@-*_indel,U,{},{},{}
NC_000962.3,WHO-UCN-GTB-PCI-2023.5,1.0,GARC1,RUS,ETH,ethR@*=,S,{},{},{}
NC_000962.3,WHO-UCN-GTB-PCI-2023.5,1.0,GARC1,RUS,AMI,eis@*?,U,{},{},{}
NC_000962.3,WHO-UCN-GTB-PCI-2023.5,1.0,GARC1,RUS,AMI,eis@-*?,U,{},{},{}
NC_000962.3,WHO-UCN-GTB-PCI-2023.5,1.0,GARC1,RUS,AMI,eis@*_indel,U,{},{},{}
NC_000962.3,WHO-UCN-GTB-PCI-2023.5,1.0,GARC1,RUS,AMI,eis@-*_indel,U,{},{},{}
NC_000962.3,WHO-UCN-GTB-PCI-2023.5,1.0,GARC1,RUS,AMI,eis@*=,S,{},{},{}
NC_000962.3,WHO-UCN-GTB-PCI-2023.5,1.0,GARC1,RUS,CFZ,pepQ@*?,U,{},{},{}
NC_000962.3,WHO-UCN-GTB-PCI-2023.5,1.0,GARC1,RUS,CFZ,pepQ@-*?,U,{},{},{}
NC_000962.3,WHO-UCN-GTB-PCI-2023.5,1.0,GARC1,RUS,CFZ,pepQ@*_indel,U,{},{},{}
NC_000962.3,WHO-UCN-GTB-PCI-2023.5,1.0,GARC1,RUS,CFZ,pepQ@-*_indel,U,{},{},{}
NC_000962.3,WHO-UCN-GTB-PCI-2023.5,1.0,GARC1,RUS,CFZ,pepQ@*=,S,{},{},{}
NC_000962.3,WHO-UCN-GTB-PCI-2023.5,1.0,GARC1,RUS,KAN,bacA@*?,U,{},{},{}
NC_000962.3,WHO-UCN-GTB-PCI-2023.5,1.0,GARC1,RUS,KAN,bacA@-*?,U,{},{},{}
NC_000962.3,WHO-UCN-GTB-PCI-2023.5,1.0,GARC1,RUS,KAN,bacA@*_indel,U,{},{},{}
NC_000962.3,WHO-UCN-GTB-PCI-2023.5,1.0,GARC1,RUS,KAN,bacA@-*_indel,U,{},{},{}
NC_000962.3,WHO-UCN-GTB-PCI-2023.5,1.0,GARC1,RUS,KAN,bacA@*=,S,{},{},{}
NC_000962.3,WHO-UCN-GTB-PCI-2023.5,1.0,GARC1,RUS,BDQ,Rv2536@*?,U,{},{},{}
NC_000962.3,WHO-UCN-GTB-PCI-2023.5,1.0,GARC1,RUS,BDQ,Rv2536@-*?,U,{},{},{}
NC_000962.3,WHO-UCN-GTB-PCI-2023.5,1.0,GARC1,RUS,BDQ,Rv2536@*_indel,U,{},{},{}
NC_000962.3,WHO-UCN-GTB-PCI-2023.5,1.0,GARC1,RUS,BDQ,Rv2536@-*_indel,U,{},{},{}
NC_000962.3,WHO-UCN-GTB-PCI-2023.5,1.0,GARC1,RUS,BDQ,Rv2536@*=,S,{},{},{}
NC_000962.3,WHO-UCN-GTB-PCI-2023.5,1.0,GARC1,RUS,INH,ahpC@*?,U,{},{},{}
NC_000962.3,WHO-UCN-GTB-PCI-2023.5,1.0,GARC1,RUS,INH,ahpC@-*?,U,{},{},{}
NC_000962.3,WHO-UCN-GTB-PCI-2023.5,1.0,GARC1,RUS,INH,ahpC@*_indel,U,{},{},{}
NC_000962.3,WHO-UCN-GTB-PCI-2023.5,1.0,GARC1,RUS,INH,ahpC@-*_indel,U,{},{},{}
NC_000962.3,WHO-UCN-GTB-PCI-2023.5,1.0,GARC1,RUS,INH,ahpC@*=,S,{},{},{}
NC_000962.3,WHO-UCN-GTB-PCI-2023.5,1.0,GARC1,RUS,AMI,whiB6@*?,U,{},{},{}
NC_000962.3,WHO-UCN-GTB-PCI-2023.5,1.0,GARC1,RUS,AMI,whiB6@-*?,U,{},{},{}
NC_000962.3,WHO-UCN-GTB-PCI-2023.5,1.0,GARC1,RUS,AMI,whiB6@*_indel,U,{},{},{}
NC_000962.3,WHO-UCN-GTB-PCI-2023.5,1.0,GARC1,RUS,AMI,whiB6@-*_indel,U,{},{},{}
NC_000962.3,WHO-UCN-GTB-PCI-2023.5,1.0,GARC1,RUS,AMI,whiB6@*=,S,{},{},{}
NC_000962.3,WHO-UCN-GTB-PCI-2023.5,1.0,GARC1,RUS,RIF,Rv2477c@*?,U,{},{},{}
NC_000962.3,WHO-UCN-GTB-PCI-2023.5,1.0,GARC1,RUS,RIF,Rv2477c@-*?,U,{},{},{}
NC_000962.3,WHO-UCN-GTB-PCI-2023.5,1.0,GARC1,RUS,RIF,Rv2477c@*_indel,U,{},{},{}
NC_000962.3,WHO-UCN-GTB-PCI-2023.5,1.0,GARC1,RUS,RIF,Rv2477c@-*_indel,U,{},{},{}
NC_000962.3,WHO-UCN-GTB-PCI-2023.5,1.0,GARC1,RUS,RIF,Rv2477c@*=,S,{},{},{}
NC_000962.3,WHO-UCN-GTB-PCI-2023.5,1.0,GARC1,RUS,LEV,Rv1129c@*?,U,{},{},{}
NC_000962.3,WHO-UCN-GTB-PCI-2023.5,1.0,GARC1,RUS,LEV,Rv1129c@-*?,U,{},{},{}
NC_000962.3,WHO-UCN-GTB-PCI-2023.5,1.0,GARC1,RUS,LEV,Rv1129c@*_indel,U,{},{},{}
NC_000962.3,WHO-UCN-GTB-PCI-2023.5,1.0,GARC1,RUS,LEV,Rv1129c@-*_indel,U,{},{},{}
NC_000962.3,WHO-UCN-GTB-PCI-2023.5,1.0,GARC1,RUS,LEV,Rv1129c@*=,S,{},{},{}
NC_000962.3,WHO-UCN-GTB-PCI-2023.5,1.0,GARC1,RUS,LEV,gyrA@*?,U,{},{},{}
NC_000962.3,WHO-UCN-GTB-PCI-2023.5,1.0,GARC1,RUS,LEV,gyrA@-*?,U,{},{},{}
NC_000962.3,WHO-UCN-GTB-PCI-2023.5,1.0,GARC1,RUS,LEV,gyrA@*_indel,U,{},{},{}
NC_000962.3,WHO-UCN-GTB-PCI-2023.5,1.0,GARC1,RUS,LEV,gyrA@-*_indel,U,{},{},{}
NC_000962.3,WHO-UCN-GTB-PCI-2023.5,1.0,GARC1,RUS,LEV,gyrA@*=,S,{},{},{}
NC_000962.3,WHO-UCN-GTB-PCI-2023.5,1.0,GARC1,RUS,STM,parA@*?,U,{},{},{}
NC_000962.3,WHO-UCN-GTB-PCI-2023.5,1.0,GARC1,RUS,STM,parA@-*?,U,{},{},{}
NC_000962.3,WHO-UCN-GTB-PCI-2023.5,1.0,GARC1,RUS,STM,parA@*_indel,U,{},{},{}
NC_000962.3,WHO-UCN-GTB-PCI-2023.5,1.0,GARC1,RUS,STM,parA@-*_indel,U,{},{},{}
NC_000962.3,WHO-UCN-GTB-PCI-2023.5,1.0,GARC1,RUS,STM,parA@*=,S,{},{},{}
NC_000962.3,WHO-UCN-GTB-PCI-2023.5,1.0,GARC1,RUS,STM,whiB7@*?,U,{},{},{}
NC_000962.3,WHO-UCN-GTB-PCI-2023.5,1.0,GARC1,RUS,STM,whiB7@-*?,U,{},{},{}
NC_000962.3,WHO-UCN-GTB-PCI-2023.5,1.0,GARC1,RUS,STM,whiB7@*_indel,U,{},{},{}
NC_000962.3,WHO-UCN-GTB-PCI-2023.5,1.0,GARC1,RUS,STM,whiB7@-*_indel,U,{},{},{}
NC_000962.3,WHO-UCN-GTB-PCI-2023.5,1.0,GARC1,RUS,STM,whiB7@*=,S,{},{},{}
NC_000962.3,WHO-UCN-GTB-PCI-2023.5,1.0,GARC1,RUS,LZD,tsnR@*?,U,{},{},{}
NC_000962.3,WHO-UCN-GTB-PCI-2023.5,1.0,GARC1,RUS,LZD,tsnR@-*?,U,{},{},{}
NC_000962.3,WHO-UCN-GTB-PCI-2023.5,1.0,GARC1,RUS,LZD,tsnR@*_indel,U,{},{},{}
NC_000962.3,WHO-UCN-GTB-PCI-2023.5,1.0,GARC1,RUS,LZD,tsnR@-*_indel,U,{},{},{}
NC_000962.3,WHO-UCN-GTB-PCI-2023.5,1.0,GARC1,RUS,LZD,tsnR@*=,S,{},{},{}
NC_000962.3,WHO-UCN-GTB-PCI-2023.5,1.0,GARC1,RUS,PZA,Rv3236c@*?,U,{},{},{}
NC_000962.3,WHO-UCN-GTB-PCI-2023.5,1.0,GARC1,RUS,PZA,Rv3236c@-*?,U,{},{},{}
NC_000962.3,WHO-UCN-GTB-PCI-2023.5,1.0,GARC1,RUS,PZA,Rv3236c@*_indel,U,{},{},{}
NC_000962.3,WHO-UCN-GTB-PCI-2023.5,1.0,GARC1,RUS,PZA,Rv3236c@-*_indel,U,{},{},{}
NC_000962.3,WHO-UCN-GTB-PCI-2023.5,1.0,GARC1,RUS,PZA,Rv3236c@*=,S,{},{},{}
NC_000962.3,WHO-UCN-GTB-PCI-2023.5,1.0,GARC1,RUS,PZA,Rv1258c@*?,U,{},{},{}
NC_000962.3,WHO-UCN-GTB-PCI-2023.5,1.0,GARC1,RUS,PZA,Rv1258c@-*?,U,{},{},{}
NC_000962.3,WHO-UCN-GTB-PCI-2023.5,1.0,GARC1,RUS,PZA,Rv1258c@*_indel,U,{},{},{}
NC_000962.3,WHO-UCN-GTB-PCI-2023.5,1.0,GARC1,RUS,PZA,Rv1258c@-*_indel,U,{},{},{}
NC_000962.3,WHO-UCN-GTB-PCI-2023.5,1.0,GARC1,RUS,PZA,Rv1258c@*=,S,{},{},{}
NC_000962.3,WHO-UCN-GTB-PCI-2023.5,1.0,GARC1,RUS,STM,rpsL@*?,U,{},{},{}
NC_000962.3,WHO-UCN-GTB-PCI-2023.5,1.0,GARC1,RUS,STM,rpsL@-*?,U,{},{},{}
NC_000962.3,WHO-UCN-GTB-PCI-2023.5,1.0,GARC1,RUS,STM,rpsL@*_indel,U,{},{},{}
NC_000962.3,WHO-UCN-GTB-PCI-2023.5,1.0,GARC1,RUS,STM,rpsL@-*_indel,U,{},{},{}
NC_000962.3,WHO-UCN-GTB-PCI-2023.5,1.0,GARC1,RUS,STM,rpsL@*=,S,{},{},{}
NC_000962.3,WHO-UCN-GTB-PCI-2023.5,1.0,GARC1,RUS,CFZ,Rv0678@*?,U,{},{},{}
NC_000962.3,WHO-UCN-GTB-PCI-2023.5,1.0,GARC1,RUS,CFZ,Rv0678@-*?,U,{},{},{}
NC_000962.3,WHO-UCN-GTB-PCI-2023.5,1.0,GARC1,RUS,CFZ,Rv0678@*_indel,U,{},{},{}
NC_000962.3,WHO-UCN-GTB-PCI-2023.5,1.0,GARC1,RUS,CFZ,Rv0678@-*_indel,U,{},{},{}
NC_000962.3,WHO-UCN-GTB-PCI-2023.5,1.0,GARC1,RUS,CFZ,Rv0678@*=,S,{},{},{}
NC_000962.3,WHO-UCN-GTB-PCI-2023.5,1.0,GARC1,RUS,AMI,whiB7@*?,U,{},{},{}
NC_000962.3,WHO-UCN-GTB-PCI-2023.5,1.0,GARC1,RUS,AMI,whiB7@-*?,U,{},{},{}
NC_000962.3,WHO-UCN-GTB-PCI-2023.5,1.0,GARC1,RUS,AMI,whiB7@*_indel,U,{},{},{}
NC_000962.3,WHO-UCN-GTB-PCI-2023.5,1.0,GARC1,RUS,AMI,whiB7@-*_indel,U,{},{},{}
NC_000962.3,WHO-UCN-GTB-PCI-2023.5,1.0,GARC1,RUS,AMI,whiB7@*=,S,{},{},{}
NC_000962.3,WHO-UCN-GTB-PCI-2023.5,1.0,GARC1,RUS,INH,dnaA@*?,U,{},{},{}
NC_000962.3,WHO-UCN-GTB-PCI-2023.5,1.0,GARC1,RUS,INH,dnaA@-*?,U,{},{},{}
NC_000962.3,WHO-UCN-GTB-PCI-2023.5,1.0,GARC1,RUS,INH,dnaA@*_indel,U,{},{},{}
NC_000962.3,WHO-UCN-GTB-PCI-2023.5,1.0,GARC1,RUS,INH,dnaA@-*_indel,U,{},{},{}
NC_000962.3,WHO-UCN-GTB-PCI-2023.5,1.0,GARC1,RUS,INH,dnaA@*=,S,{},{},{}
NC_000962.3,WHO-UCN-GTB-PCI-2023.5,1.0,GARC1,RUS,DLM,ndh@*?,U,{},{},{}
NC_000962.3,WHO-UCN-GTB-PCI-2023.5,1.0,GARC1,RUS,DLM,ndh@-*?,U,{},{},{}
NC_000962.3,WHO-UCN-GTB-PCI-2023.5,1.0,GARC1,RUS,DLM,ndh@*_indel,U,{},{},{}
NC_000962.3,WHO-UCN-GTB-PCI-2023.5,1.0,GARC1,RUS,DLM,ndh@-*_indel,U,{},{},{}
NC_000962.3,WHO-UCN-GTB-PCI-2023.5,1.0,GARC1,RUS,DLM,ndh@*=,S,{},{},{}
NC_000962.3,WHO-UCN-GTB-PCI-2023.5,1.0,GARC1,RUS,KAN,whiB7@*?,U,{},{},{}
NC_000962.3,WHO-UCN-GTB-PCI-2023.5,1.0,GARC1,RUS,KAN,whiB7@-*?,U,{},{},{}
NC_000962.3,WHO-UCN-GTB-PCI-2023.5,1.0,GARC1,RUS,KAN,whiB7@*_indel,U,{},{},{}
NC_000962.3,WHO-UCN-GTB-PCI-2023.5,1.0,GARC1,RUS,KAN,whiB7@-*_indel,U,{},{},{}
NC_000962.3,WHO-UCN-GTB-PCI-2023.5,1.0,GARC1,RUS,KAN,whiB7@*=,S,{},{},{}
NC_000962.3,WHO-UCN-GTB-PCI-2023.5,1.0,GARC1,RUS,INH,furA@*?,U,{},{},{}
NC_000962.3,WHO-UCN-GTB-PCI-2023.5,1.0,GARC1,RUS,INH,furA@-*?,U,{},{},{}
NC_000962.3,WHO-UCN-GTB-PCI-2023.5,1.0,GARC1,RUS,INH,furA@*_indel,U,{},{},{}
NC_000962.3,WHO-UCN-GTB-PCI-2023.5,1.0,GARC1,RUS,INH,furA@-*_indel,U,{},{},{}
NC_000962.3,WHO-UCN-GTB-PCI-2023.5,1.0,GARC1,RUS,INH,furA@*=,S,{},{},{}