drug,gene,variant,Present_SOLO_SR,Present_SOLO_R,PPV_SOLO
Bedaquiline,Rv0678,Rv0678_p.Arg94Gln,1,1,1
Clofazimine,Rv0678,Rv0678_p.Leu83Pro,1,1,1
Bedaquiline,Rv0678,Rv0678_p.Ser68Asn,1,1,1
Clofazimine,Rv0678,Rv0678_p.Arg50Gln,2,2,1
Bedaquiline,Rv0678,Rv0678_p.Gly41Asp,4,4,1
Bedaquiline,Rv0678,Rv0678_p.Arg34Gln,2,2,1
Bedaquiline,Rv0678,Rv0678_p.Gly24Cys,1,1,1
Bedaquiline,Rv0678,Rv0678_p.Asn70Ile,2,2,1
Clofazimine,Rv0678,Rv0678_p.Leu142Arg,1,1,1
Bedaquiline,Rv0678,Rv0678_p.Leu136Pro,1,1,1
Bedaquiline,Rv0678,Rv0678_p.Arg105Ser,1,1,1
Bedaquiline,Rv0678,Rv0678_p.Gly65Glu,3,3,1
Bedaquiline,Rv0678,Rv0678_p.Phe79Leu,2,2,1
Bedaquiline,Rv0678,Rv0678_p.Arg94Trp,4,3,.75
Bedaquiline,Rv0678,Rv0678_p.Gly103Arg,1,1,1
Bedaquiline,Rv0678,Rv0678_p.Val20Gly,2,1,.5
Clofazimine,Rv0678,Rv0678_p.Arg50Trp,1,1,1
Bedaquiline,Rv0678,Rv0678_p.Phe93Ser,2,1,.5
Bedaquiline,Rv0678,Rv0678_p.Leu40Met,1,1,1
Clofazimine,Rv0678,Rv0678_p.Arg89Gln,1,1,1
Bedaquiline,Rv0678,Rv0678_p.Leu40Phe,2,2,1
Bedaquiline,Rv0678,Rv0678_p.Arg96Leu,2,1,.5
Bedaquiline,Rv0678,Rv0678_p.Arg109Pro,2,2,1
Clofazimine,Rv0678,Rv0678_p.Val120Met,1,1,1
Bedaquiline,Rv0678,Rv0678_p.Gln51Arg,3,1,.333333333333333
Clofazimine,Rv0678,Rv0678_p.Arg72Trp,3,1,.333333333333333
Clofazimine,Rv0678,Rv0678_p.Arg90Cys,8,1,.125
Clofazimine,Rv0678,Rv0678_p.Ala102Asp,1,1,1
Bedaquiline,Rv0678,Rv0678_p.Arg96Trp,2,1,.5
Bedaquiline,Rv0678,Rv0678_p.Ser64Ile,1,1,1
Clofazimine,Rv0678,Rv0678_p.Ser52Phe,1,1,1
Clofazimine,Rv0678,Rv0678_p.Gly65Arg,1,1,1
Clofazimine,Rv0678,Rv0678_p.Arg94Gln,1,1,1
Bedaquiline,Rv0678,Rv0678_p.Leu60Gln,2,2,1
Bedaquiline,Rv0678,Rv0678_p.Met139Thr,1,1,1
Clofazimine,Rv0678,Rv0678_p.Cys46Tyr,1,1,1
Bedaquiline,Rv0678,Rv0678_p.Ser53Leu,1,1,1
Bedaquiline,Rv0678,Rv0678_p.Arg34Trp,2,2,1
Clofazimine,Rv0678,Rv0678_p.Leu35Trp,2,2,1
Clofazimine,Rv0678,Rv0678_p.Arg89Leu,1,1,1
Bedaquiline,Rv0678,Rv0678_p.Ala112Pro,1,1,1
Clofazimine,Rv0678,Rv0678_p.Asn70Lys,1,1,1
Bedaquiline,Rv0678,Rv0678_p.Leu122Pro,2,2,1
Bedaquiline,Rv0678,Rv0678_p.Ala84Val,2,1,.5
Clofazimine,Rv0678,Rv0678_p.Val20Gly,2,2,1
Clofazimine,Rv0678,Rv0678_p.Pro48Leu,3,1,.333333333333333
Bedaquiline,Rv0678,Rv0678_p.Ile16Ser,1,1,1
Bedaquiline,Rv0678,Rv0678_p.Phe100Ile,1,1,1
Bedaquiline,Rv0678,Rv0678_p.Ile67Leu,2,2,1
Bedaquiline,Rv0678,Rv0678_p.Ser53Pro,4,4,1
Bedaquiline,Rv0678,Rv0678_p.Ser52Phe,2,2,1
Clofazimine,Rv0678,Rv0678_p.Asn70Ile,2,1,.5
Bedaquiline,Rv0678,Rv0678_p.Thr33Ile,1,1,1
Bedaquiline,Rv0678,Rv0678_p.Cys46Trp,2,2,1
Bedaquiline,Rv0678,Rv0678_p.Leu83Pro,3,1,.333333333333333
Bedaquiline,Rv0678,Rv0678_p.Gly25Asp,1,1,1
Bedaquiline,Rv0678,Rv0678_p.Arg50Gln,3,2,.666666666666666
Bedaquiline,Rv0678,Rv0678_p.Gly65Arg,1,1,1
Bedaquiline,Rv0678,Rv0678_p.Glu104Lys,1,1,1
Bedaquiline,Rv0678,Rv0678_p.Arg89Gln,1,1,1
Bedaquiline,Rv0678,Rv0678_p.Pro48Leu,4,3,.75
Clofazimine,Rv0678,Rv0678_p.Tyr157Ser,1,1,1
Bedaquiline,Rv0678,Rv0678_p.Gln115Pro,2,2,1
Bedaquiline,Rv0678,Rv0678_p.Tyr157Ser,2,2,1
Bedaquiline,Rv0678,Rv0678_p.Ser2Ile,4,3,.75
Bedaquiline,Rv0678,Rv0678_p.Tyr26His,1,1,1
Bedaquiline,Rv0678,Rv0678_p.Met139Ile,3,2,.666666666666666
Bedaquiline,Rv0678,Rv0678_p.Arg109Trp,1,1,1
Bedaquiline,Rv0678,Rv0678_p.Ile67Met,1,1,1
Bedaquiline,Rv0678,Rv0678_p.Asp47dup,3,3,1
Bedaquiline,Rv0678,Rv0678_p.Asn70Lys,1,1,1
Bedaquiline,Rv0678,Rv0678_p.Arg107Cys,3,2,.666666666666666
Bedaquiline,Rv0678,Rv0678_p.Cys46Tyr,1,1,1
Bedaquiline,Rv0678,Rv0678_p.Tyr92Cys,1,1,1
Bedaquiline,Rv0678,Rv0678_p.Arg50Trp,1,1,1
Clofazimine,Rv0678,Rv0678_p.Ala102Thr,2,2,1
Clofazimine,Rv0678,Rv0678_p.Leu56Pro,1,1,1
Bedaquiline,Rv0678,Rv0678_p.Ser63Gly,3,3,1
Clofazimine,Rv0678,Rv0678_p.Gly103Ser,2,1,.5
Clofazimine,Rv0678,Rv0678_p.Asn4Thr,10,1,.1
Bedaquiline,Rv0678,Rv0678_p.Ala102Thr,2,2,1
Bedaquiline,Rv0678,Rv0678_p.Arg30Trp,1,1,1
Clofazimine,Rv0678,Rv0678_p.Gln51Pro,2,2,1
Bedaquiline,Rv0678,Rv0678_p.Ser63Arg,3,2,.666666666666666
Bedaquiline,Rv0678,Rv0678_p.Gln76Arg,2,1,.5
Bedaquiline,Rv0678,Rv0678_p.Phe93Leu,3,2,.666666666666666
Bedaquiline,Rv0678,Rv0678_p.Arg38Leu,1,1,1
Bedaquiline,Rv0678,Rv0678_p.Ala102Asp,1,1,1
Bedaquiline,Rv0678,Rv0678_p.Arg72Trp,2,1,.5
Bedaquiline,Rv0678,Rv0678_p.Gly24Arg,1,1,1
Bedaquiline,Rv0678,Rv0678_p.Arg89Leu,1,1,1
Clofazimine,Rv0678,Rv0678_p.Ser68Asn,1,1,1
Bedaquiline,Rv0678,Rv0678_p.Arg50Pro,1,1,1
Clofazimine,Rv0678,Rv0678_p.Met10Ile,1,1,1
Bedaquiline,Rv0678,Rv0678_p.Arg135Trp,1,1,1
Bedaquiline,Rv0678,Rv0678_p.Ala99Pro,2,2,1
Bedaquiline,Rv0678,Rv0678_p.Ser151Pro,2,2,1
Bedaquiline,Rv0678,Rv0678_p.Asp47Gly,1,1,1
Bedaquiline,Rv0678,Rv0678_p.Leu60Pro,2,2,1
Clofazimine,Rv0678,Rv0678_p.Thr33Ile,1,1,1
Clofazimine,Rv0678,Rv0678_p.Ala62Thr,1,1,1
Clofazimine,Rv0678,Rv0678_p.Ser151Pro,2,2,1
Clofazimine,Rv0678,Rv0678_p.Ser53Pro,3,3,1
Bedaquiline,Rv0678,Rv0678_p.Thr91Ile,4,4,1
Clofazimine,Rv0678,Rv0678_p.Gln51Arg,3,3,1
Clofazimine,Rv0678,Rv0678_p.Ser52Tyr,1,1,1
Clofazimine,Rv0678,Rv0678_p.Phe19Ser,1,1,1
Clofazimine,Rv0678,Rv0678_p.Leu40Phe,1,1,1
Bedaquiline,Rv0678,Rv0678_p.Leu95Ser,3,2,.666666666666666
Bedaquiline,Rv0678,Rv0678_p.Leu35Trp,2,2,1
Bedaquiline,Rv0678,Rv0678_p.Arg107Leu,1,1,1
Bedaquiline,Rv0678,Rv0678_p.Gly78Arg,2,2,1
Bedaquiline,Rv0678,Rv0678_p.Gln76Lys,1,1,1
Bedaquiline,Rv0678,Rv0678_p.Phe19Ser,2,1,.5
Clofazimine,Rv0678,Rv0678_p.Glu55Asp,16,2,.125
Bedaquiline,Rv0678,Rv0678_p.Leu142Arg,4,2,.5
Delamanid,ddn,ddn_p.Trp88Arg,1,1,1
Delamanid,ddn,ddn_p.Gly81Ser,1,1,1
Amikacin,eis,eis_c.-44T>C,2,1,.5
Kanamycin,eis,eis_p.Leu235Arg,2,1,.5
Amikacin,eis,eis_p.Trp36Arg,5,2,.4
Amikacin,eis,eis_p.Glu199Ala,1,1,1
Kanamycin,eis,eis_c.-61A>G,1,1,1
Kanamycin,eis,eis_p.Gly334fs,1,1,1
Kanamycin,eis,eis_p.Arg37Gly,1,1,1
Amikacin,eis,eis_p.Val40Met,1,1,1
Amikacin,eis,eis_p.Leu235Arg,1,1,1
Kanamycin,eis,eis_p.Pro302Gln,1,1,1
Kanamycin,eis,eis_p.Glu199Ala,1,1,1
Kanamycin,eis,eis_c.-44T>C,2,1,.5
Amikacin,eis,eis_p.Phe84Tyr,1,1,1
Amikacin,eis,eis_c.-61A>G,1,1,1
Amikacin,eis,eis_p.Arg37Gly,1,1,1
Kanamycin,eis,eis_p.Ala62Val,1,1,1
Ethambutol,embB,embB_p.Glu504Asp,4,2,.5
Ethambutol,embB,embB_p.Arg351Cys,2,2,1
Ethambutol,embB,embB_p.Glu405Asp,15,9,.6
Ethambutol,embB,embB_p.Trp685Leu,1,1,1
Ethambutol,embB,embB_p.Asp1056Ala,1,1,1
Ethambutol,embB,embB_p.Ser347Ile,8,5,.625
Ethambutol,embB,embB_p.Thr546Ile,1,1,1
Ethambutol,embB,embB_p.Trp332Arg,6,3,.5
Ethambutol,embB,embB_p.Phe330Ser,2,2,1
Ethambutol,embB,embB_p.Tyr319Asp,10,5,.5
Ethambutol,embB,embB_p.Pro214Ala,2,1,.5
Ethambutol,embB,embB_p.Val593Met,2,1,.5
Ethambutol,embB,embB_p.Val488Ala,1,1,1
Ethambutol,embB,embB_p.Leu629Pro,1,1,1
Ethambutol,embB,embB_p.Ile450Met,1,1,1
Ethambutol,embB,embB_p.Ala409Pro,2,1,.5
Ethambutol,embB,embB_p.Asp328Phe,2,2,1
Ethambutol,embB,embB_p.Cys361Tyr,1,1,1
Ethambutol,embB,embB_p.Met1000Arg,4,2,.5
Ethambutol,embB,embB_p.Ser651Asn,1,1,1
Ethambutol,embB,embB_p.Ile1009Leu,1,1,1
Ethambutol,embB,embB_p.Asn399Thr,3,2,.666666666666666
Ethambutol,embB,embB_p.Leu74Pro,3,2,.666666666666666
Ethambutol,embB,embB_p.Pro404Ser,5,3,.6
Ethambutol,embB,embB_p.Glu504Ala,2,2,1
Ethambutol,embB,embB_p.Arg524His,1,1,1
Ethambutol,embB,embB_p.Val292Ile,2,1,.5
Ethambutol,embB,embB_p.Phe579Ser,1,1,1
Ethambutol,embB,embB_p.Asn644Ile,1,1,1
Ethambutol,embB,embB_p.Thr532Ile,1,1,1
Ethambutol,embB,embB_p.Gln445Arg,2,2,1
Ethionamide,ethA,ethA_p.Tyr50Cys,12,5,.416666666666666
Ethionamide,ethA,ethA_p.Asp396Asn,2,2,1
Ethionamide,ethA,ethA_p.Pro273Arg,1,1,1
Ethionamide,ethA,ethA_p.Tyr276Asp,1,1,1
Ethionamide,ethA,ethA_p.Leu478Arg,3,1,.333333333333333
Ethionamide,ethA,ethA_p.Tyr32Asp,27,13,.481481481481481
Ethionamide,ethA,ethA_p.Leu62Arg,3,2,.666666666666666
Ethionamide,ethA,ethA_p.Tyr211Cys,7,5,.714285714285714
Ethionamide,ethA,ethA_c.-11A>C,4,3,.75
Ethionamide,ethA,ethA_p.Leu348Pro,1,1,1
Ethionamide,ethA,ethA_p.Asn242Asp,1,1,1
Ethionamide,ethA,ethA_c.-11A>T,2,2,1
Ethionamide,ethA,ethA_p.Asp77Gly,10,2,.2
Ethionamide,ethA,ethA_p.Leu225Arg,1,1,1
Ethionamide,ethA,ethA_p.Met409Thr,4,1,.25
Ethionamide,ethA,ethA_p.Arg303Pro,1,1,1
Ethionamide,ethA,ethA_p.Ala19Val,2,1,.5
Ethionamide,ethA,ethA_p.Ala335Asp,2,1,.5
Ethionamide,ethA,ethA_p.Gln271Pro,1,1,1
Ethionamide,ethA,ethA_p.Cys294Tyr,7,3,.428571428571428
Ethionamide,ethA,ethA_p.Ala20Asp,2,1,.5
Ethionamide,ethA,ethA_p.His102Pro,2,1,.5
Ethionamide,ethA,ethA_p.Gln165His,2,1,.5
Ethionamide,ethA,ethA_p.Thr383Pro,3,2,.666666666666666
Ethionamide,ethA,ethA_p.Pro230Gln,1,1,1
Ethionamide,ethA,ethA_p.Cys253Arg,1,1,1
Ethionamide,ethA,ethA_p.Thr44Ile,1,1,1
Ethionamide,ethA,ethA_p.Gly450Ser,4,1,.25
Ethionamide,ethA,ethA_p.Thr44Pro,2,1,.5
Ethionamide,ethA,ethA_p.Gly182Ser,1,1,1
Ethionamide,ethA,ethA_p.Leu134Arg,3,2,.666666666666666
Ethionamide,ethA,ethA_p.Pro51Arg,5,2,.4
Ethionamide,ethA,ethA_p.Pro164Leu,3,1,.333333333333333
Ethionamide,ethA,ethA_p.Gln165Pro,17,2,.117647058823529
Ethionamide,ethA,ethA_p.Ile75Thr,1,1,1
Ethionamide,ethA,ethA_p.Arg239Gln,2,1,.5
Ethionamide,ethA,ethA_p.Pro257Gln,1,1,1
Ethionamide,ethA,ethA_p.His4Arg,1,1,1
Ethionamide,ethA,ethA_p.Ile473Ser,1,1,1
Ethionamide,ethA,ethA_p.Cys137Arg,28,14,.5
Ethionamide,ethA,ethA_p.Pro51His,8,3,.375
Ethionamide,ethA,ethA_p.Pro51Leu,5,1,.2
Ethionamide,ethA,ethA_p.Gln206Glu,1,1,1
Ethionamide,ethA,ethA_p.Leu136Arg,4,1,.25
Ethionamide,ethA,ethA_p.Ala187Val,4,2,.5
Ethionamide,ethA,ethA_p.Thr314Ala,4,3,.75
Ethionamide,ethA,ethA_p.Val17Ala,1,1,1
Ethionamide,ethA,ethA_p.Tyr60Asp,3,2,.666666666666666
Ethionamide,ethA,ethA_p.Gly182Ala,1,1,1
Ethionamide,ethA,ethA_p.Pro378Leu,77,30,.389610389610389
Ethionamide,ethA,ethA_p.His119Pro,2,1,.5
Ethionamide,ethA,ethA_p.Asn379Lys,12,4,.333333333333333
Ethionamide,ethA,ethA_p.Thr323dup,8,3,.375
Ethionamide,ethA,ethA_p.His307Pro,1,1,1
Ethionamide,ethA,ethA_p.Thr61Met,33,13,.393939393939393
Ethionamide,ethA,ethA_p.Leu244Pro,18,6,.333333333333333
Ethionamide,ethA,ethA_p.Asp396Gly,1,1,1
Ethionamide,ethA,ethA_p.His281Pro,14,5,.357142857142857
Ethionamide,ethA,ethA_p.Thr355Pro,3,1,.333333333333333
Ethionamide,ethA,ethA_c.-12T>C,2,1,.5
Ethionamide,ethA,ethA_p.Trp21Leu,1,1,1
Ethionamide,ethA,ethA_p.Ala234Asp,2,1,.5
Ethionamide,ethA,ethA_p.Gly385Ala,1,1,1
Ethionamide,ethA,ethA_p.Ala187Glu,1,1,1
Ethionamide,ethA,ethA_p.Thr392Arg,5,4,.8
Ethionamide,ethA,ethA_p.Leu393Pro,1,1,1
Ethionamide,ethA,ethA_p.Pro192Leu,5,2,.4
Ethionamide,ethA,ethA_c.-11A>G,12,7,.583333333333333
Ethionamide,ethA,ethA_p.Thr186Met,1,1,1
Ethionamide,ethA,ethA_p.Gly139Ser,1,1,1
Ethionamide,ethA,ethA_p.Tyr211Ser,4,3,.75
Ethionamide,ethA,ethA_p.Cys403Arg,3,1,.333333333333333
Ethionamide,ethA,ethA_p.Arg404Leu,3,2,.666666666666666
Ethionamide,ethA,ethA_p.Ile339dup,1,1,1
Ethionamide,ethA,ethA_p.Pro454Leu,4,1,.25
Ethionamide,ethA,ethA_p.Tyr382His,1,1,1
Ethionamide,ethA,ethA_p.Gly43Asp,5,2,.4
Ethionamide,ethA,ethA_p.Thr186Pro,1,1,1
Ethionamide,ethA,ethA_c.-46C>T,1,1,1
Ethionamide,ethA,ethA_p.Ala247Pro,3,1,.333333333333333
Ethionamide,ethA,ethA_p.Gly182Asp,5,3,.6
Ethionamide,ethA,ethA_p.Trp109Cys,2,1,.5
Ethionamide,ethA,ethA_p.Leu374Arg,3,2,.666666666666666
Ethionamide,ethA,ethA_p.Val10Gly,3,1,.333333333333333
Ethionamide,ethA,ethA_p.Tyr369Cys,1,1,1
Ethionamide,ethA,ethA_p.Cys253Gly,1,1,1
Ethionamide,ethA,ethA_p.Trp21Gly,1,1,1
Ethionamide,ethA,ethA_p.Val384Gly,3,2,.666666666666666
Ethionamide,ethA,ethA_p.Thr61Lys,1,1,1
Ethionamide,ethA,ethA_p.Cys294Phe,5,2,.4
Ethionamide,ethA,ethA_p.Trp21Arg,3,1,.333333333333333
Ethionamide,ethA,ethA_p.Met373Ile,2,1,.5
Ethionamide,ethA,ethA_p.Cys137Gly,2,1,.5
Ethionamide,ethA,ethA_p.Val7Gly,2,1,.5
Ethionamide,ethA,ethA_p.Pro257Thr,1,1,1
Ethionamide,ethA,ethA_p.Gly16Asp,2,2,1
Ethionamide,ethA,ethA_p.Cys253Trp,1,1,1
Ethionamide,ethA,ethA_p.Glu36Lys,1,1,1
Ethionamide,ethA,ethA_p.Val238Gly,4,1,.25
Ethionamide,ethA,ethA_p.Ser208Leu,3,2,.666666666666666
Ethionamide,ethA,ethA_p.Asn345Lys,236,28,.11864406779661
Ethionamide,ethA,ethA_p.Gly182Cys,3,1,.333333333333333
Ethionamide,ethA,ethA_p.Cys253Phe,1,1,1
Ethionamide,ethA,ethA_p.Cys137Phe,2,1,.5
Ethionamide,ethA,ethA_p.Ala20Ser,2,1,.5
Ethionamide,ethA,ethA_p.Ala185Glu,1,1,1
Ethionamide,ethA,ethA_p.Arg441Cys,2,1,.5
Ethionamide,ethA,ethA_p.Pro257Ala,2,1,.5
Ethionamide,ethA,ethA_p.Val191Met,3,3,1
Ethionamide,ethA,ethA_p.Trp289Arg,2,1,.5
Ethionamide,ethA,ethA_p.Ser399Leu,5,1,.2
Ethionamide,ethA,ethA_p.Ile34Thr,9,3,.333333333333333
Ethionamide,ethA,ethA_p.Pro209Ser,1,1,1
Ethionamide,ethA,ethA_p.Ala185Val,3,2,.666666666666666
Ethionamide,ethA,ethA_p.Val188Gly,1,1,1
Ethionamide,ethA,ethA_p.Ser138Arg,7,1,.142857142857142
Ethionamide,ethA,ethA_p.Leu225Pro,4,1,.25
Ethionamide,ethA,ethA_p.Thr314Ile,231,73,.316017316017316
Ethionamide,ethA,ethA_p.Gly43Ser,10,7,.7
Ethionamide,ethA,ethA_p.Met41Arg,4,3,.75
Ethionamide,ethA,ethA_p.Phe282Val,10,4,.4
Ethionamide,ethA,ethA_p.Thr383Lys,1,1,1
Ethionamide,ethA,ethA_p.Gly343Arg,1,1,1
Ethionamide,ethA,ethA_p.Leu134Pro,7,3,.428571428571428
Ethionamide,ethA,ethA_p.Ala341Glu,3,2,.666666666666666
Ethionamide,ethA,ethA_p.Leu190Pro,2,1,.5
Ethionamide,ethA,ethA_p.Cys131Tyr,5,2,.4
Ethionamide,ethA,ethA_p.Val180Met,1,1,1
Ethionamide,ethA,ethA_p.Cys137Tyr,6,3,.5
Ethionamide,ethA,ethA_p.Leu205Pro,5,4,.8
Ethionamide,ethA,ethA_p.Phe302Ser,2,1,.5
Ethionamide,ethA,ethA_p.Pro257Ser,9,2,.222222222222222
Ethionamide,ethA,ethA_p.Leu374His,3,1,.333333333333333
Ethionamide,ethA,ethA_p.Gly11Asp,1,1,1
Ethionamide,ethA,ethA_p.Val118Gly,8,4,.5
Ethionamide,ethA,ethA_p.Trp167Arg,4,3,.75
Ethionamide,ethA,ethA_p.Leu35Val,4,1,.25
Ethionamide,ethA,ethA_p.Phe431Leu,5,1,.2
Ethionamide,ethA,ethA_p.Arg65Pro,2,1,.5
Ethionamide,ethA,ethA_p.Thr342Lys,3,3,1
Ethionamide,ethA,ethA_p.Tyr50Asp,4,3,.75
Ethionamide,ethA,ethA_p.Met204Thr,4,1,.25
Ethionamide,ethA,ethA_p.Asp58Gly,7,6,.857142857142857
Ethionamide,ethA,ethA_p.Thr189Lys,2,1,.5
Ethionamide,ethA,ethA_p.Ala76Asp,3,1,.333333333333333
Ethionamide,ethA,ethA_p.Gly139Val,1,1,1
Ethionamide,ethA,ethA_p.Asn458Val,1,1,1
Ethionamide,ethA,ethA_p.Phe264Ser,1,1,1
Ethionamide,ethA,ethA_p.Gly11Cys,1,1,1
Ethionamide,ethA,ethA_p.Pro454Ser,1,1,1
Ethionamide,ethA,ethA_p.Gln246Pro,2,2,1
Ethionamide,ethA,ethA_p.His281Arg,8,2,.25
Ethionamide,ethA,ethA_p.Cys131Arg,1,1,1
Ethionamide,ethA,ethA_p.Ser399Pro,1,1,1
Ethionamide,ethA,ethA_p.Gly43Val,9,2,.222222222222222
Ethionamide,ethA,ethA_p.Ile305Ser,4,2,.5
Ethionamide,ethA,ethA_p.Trp167Gly,2,2,1
Ethionamide,ethA,ethA_p.Gly343Glu,1,1,1
Ethionamide,ethA,ethA_p.Gly11Val,7,6,.857142857142857
Ethionamide,ethA,ethA_p.Pro422Leu,1,1,1
Ethionamide,ethA,ethA_p.Ile34Ser,2,2,1
Ethionamide,ethA,ethA_p.Leu23Arg,9,5,.555555555555555
Ethionamide,ethA,ethA_p.Gly139Cys,1,1,1
Ethionamide,ethA,ethA_p.Leu82Pro,2,2,1
Ethionamide,ethA,ethA_p.Pro257Leu,1,1,1
Ethionamide,ethA,ethA_p.Met59Arg,1,1,1
Ethionamide,ethA,ethA_p.Leu406Ser,1,1,1
Ethionamide,ethA,ethA_p.Asp56Ala,10,6,.6
Ethionamide,ethA,ethA_p.Tyr461Cys,3,1,.333333333333333
Ethionamide,ethA,ethA_p.Gly13Glu,4,2,.5
Ethionamide,ethA,ethA_p.Pro257Arg,3,2,.666666666666666
Ethionamide,ethA,ethA_p.Pro192Thr,11,2,.181818181818181
Ethionamide,ethA,ethA_p.Ser208Pro,6,5,.833333333333333
Ethionamide,ethA,ethA_p.Arg207Cys,3,2,.666666666666666
Ethionamide,ethA,ethA_p.Ser15Phe,1,1,1
Ethionamide,ethA,ethA_p.Gly423Arg,26,3,.115384615384615
Ethionamide,ethA,ethA_p.Ile105Leu,5,1,.2
Ethionamide,ethA,ethA_p.Ala304Val,1,1,1
Ethionamide,ethA,ethA_p.Ile9Ser,1,1,1
Ethionamide,ethA,ethA_p.Arg38Pro,1,1,1
Ethionamide,ethA,ethA_p.Gly63Asp,4,4,1
Ethionamide,ethA,ethA_p.Ser57Pro,1,1,1
Ethionamide,ethA,ethA_p.Thr392Lys,1,1,1
Ethionamide,ethA,ethA_p.Gly43Ala,2,1,.5
Ethionamide,ethA,ethA_p.Gln254Pro,14,7,.5
Ethionamide,ethA,ethA_p.Pro447Ser,6,1,.166666666666666
Ethionamide,ethA,ethA_p.Tyr84Asp,2,2,1
Ethionamide,ethA,ethA_p.Leu397Arg,2,1,.5
Ethionamide,ethA,ethA_p.Leu397Pro,6,3,.5
Ethionamide,ethA,ethA_p.Thr342Ala,4,3,.75
Ethionamide,ethA,ethA_p.Arg479Pro,2,2,1
Ethionamide,ethA,ethA_p.Ala19Glu,2,1,.5
Ethionamide,ethA,ethA_p.Leu62Pro,4,2,.5
Ethionamide,ethA,ethA_p.Leu194Pro,5,4,.8
Ethionamide,ethA,ethA_p.Tyr84Cys,2,2,1
Ethionamide,ethA,ethA_p.Ala381Pro,27,4,.148148148148148
Ethionamide,ethA,ethA_p.Gln206Pro,4,4,1
Ethionamide,ethA,ethA_c.-47T>C,2,1,.5
Ethionamide,ethA,ethA_p.Arg54Leu,1,1,1
Delamanid,fbiC,fbiC_p.Ala852Thr,1,1,1
Delamanid,fbiC,fbiC_p.Ala623Val,1,1,1
Delamanid,fbiC,fbiC_p.Met812Ile,1,1,1
Streptomycin,gid,gid_p.Val124Ala,2,1,.5
Streptomycin,gid,gid_p.Arg166Trp,3,1,.333333333333333
Streptomycin,gid,gid_p.Val88Gly,2,2,1
Streptomycin,gid,gid_p.Asp67Glu,2,1,.5
Streptomycin,gid,gid_c.-1A>C,4,2,.5
Streptomycin,gid,gid_p.Leu50Met,1,1,1
Streptomycin,gid,gid_p.Ser149Arg,29,18,.620689655172413
Streptomycin,gid,gid_p.Lys163Glu,2,1,.5
Streptomycin,gid,gid_p.Lys163Gln,2,1,.5
Streptomycin,gid,gid_p.Leu18Arg,1,1,1
Streptomycin,gid,gid_p.Gly73Arg,9,5,.555555555555555
Streptomycin,gid,gid_p.Arg96His,5,2,.4
Streptomycin,gid,gid_p.Leu50Pro,7,2,.285714285714285
Streptomycin,gid,gid_p.Arg47Pro,1,1,1
Streptomycin,gid,gid_p.Leu26Phe,13,8,.615384615384615
Streptomycin,gid,gid_p.Arg118His,1,1,1
Streptomycin,gid,gid_p.Glu170Lys,4,2,.5
Streptomycin,gid,gid_p.Glu92Gly,4,4,1
Streptomycin,gid,gid_p.Gly192Arg,1,1,1
Streptomycin,gid,gid_p.Asp63Tyr,3,3,1
Streptomycin,gid,gid_p.His174Asp,1,1,1
Streptomycin,gid,gid_p.Leu44Pro,1,1,1
Streptomycin,gid,gid_p.Leu152_Arg154dup,1,1,1
Streptomycin,gid,gid_p.Leu86Gln,1,1,1
Streptomycin,gid,gid_p.Val124Leu,1,1,1
Streptomycin,gid,gid_p.Ile55dup,1,1,1
Streptomycin,gid,gid_p.Leu26Trp,1,1,1
Streptomycin,gid,gid_p.Leu145Ser,5,3,.6
Streptomycin,gid,gid_p.Asp67Ala,2,1,.5
Streptomycin,gid,gid_p.Pro75Ser,20,11,.55
Streptomycin,gid,gid_p.Arg83Trp,2,1,.5
Streptomycin,gid,gid_p.Asn51Asp,1,1,1
Streptomycin,gid,gid_p.Tyr22His,4,1,.25
Streptomycin,gid,gid_p.Leu79Trp,60,35,.583333333333333
Streptomycin,gid,gid_p.Leu101Arg,1,1,1
Streptomycin,gid,gid_p.Gly37Ala,11,4,.363636363636363
Streptomycin,gid,gid_p.Ile162Ser,1,1,1
Streptomycin,gid,gid_p.Arg97Leu,4,2,.5
Streptomycin,gid,gid_p.Ser70Arg,29,17,.586206896551724
Streptomycin,gid,gid_p.Leu58Phe,5,1,.2
Streptomycin,gid,gid_p.Arg137Trp,25,15,.6
Streptomycin,gid,gid_p.Gly117Glu,3,3,1
Streptomycin,gid,gid_p.Arg137Leu,4,3,.75
Streptomycin,gid,gid_p.Asp85Ala,5,4,.8
Streptomycin,gid,gid_p.Gly34Trp,10,7,.7
Streptomycin,gid,gid_p.Arg97His,1,1,1
Streptomycin,gid,gid_p.Leu90Phe,2,1,.5
Streptomycin,gid,gid_p.Val65Ala,23,14,.608695652173913
Streptomycin,gid,gid_p.Phe12Val,2,2,1
Streptomycin,gid,gid_p.Arg118Ser,5,3,.6
Streptomycin,gid,gid_p.Leu90Pro,2,1,.5
Streptomycin,gid,gid_p.Gly34Arg,5,2,.4
Streptomycin,gid,gid_p.Leu35Gln,1,1,1
Streptomycin,gid,gid_p.Tyr22Cys,2,1,.5
Streptomycin,gid,gid_p.Gly69Arg,1,1,1
Streptomycin,gid,gid_p.Asp85Gly,1,1,1
Streptomycin,gid,gid_p.Leu58Pro,1,1,1
Streptomycin,gid,gid_p.Arg137Pro,8,4,.5
Streptomycin,gid,gid_p.Lys163Asn,3,1,.333333333333333
Streptomycin,gid,gid_p.Arg175Pro,1,1,1
Streptomycin,gid,gid_p.Tyr22Ser,2,1,.5
Streptomycin,gid,gid_p.Ala138Leu,1,1,1
Streptomycin,gid,gid_p.Arg96Cys,7,5,.714285714285714
Streptomycin,gid,gid_p.Ala19Thr,6,4,.666666666666666
Streptomycin,gid,gid_p.Leu49Pro,4,3,.75
Streptomycin,gid,gid_p.Ile114Asn,2,1,.5
Streptomycin,gid,gid_p.Leu35Pro,2,2,1
Streptomycin,gid,gid_p.Trp45Gly,1,1,1
Streptomycin,gid,gid_p.Ala133Thr,1,1,1
Streptomycin,gid,gid_p.Arg64Trp,2,2,1
Streptomycin,gid,gid_p.Ala140Pro,2,2,1
Streptomycin,gid,gid_p.Leu142Ser,2,2,1
Streptomycin,gid,gid_p.Leu101Phe,6,3,.5
Streptomycin,gid,gid_p.Arg20Pro,17,4,.235294117647058
Streptomycin,gid,gid_p.Pro78Arg,3,1,.333333333333333
Streptomycin,gid,gid_p.Leu26Ser,4,2,.5
Streptomycin,gid,gid_p.Glu92Gln,5,2,.4
Streptomycin,gid,gid_p.Val188Ala,1,1,1
Streptomycin,gid,gid_p.Gly37Glu,3,2,.666666666666666
Streptomycin,gid,gid_p.Gly71Glu,1,1,1
Streptomycin,gid,gid_p.Arg154Pro,17,4,.235294117647058
Streptomycin,gid,gid_p.Asp132Tyr,3,2,.666666666666666
Streptomycin,gid,gid_p.Val41Ile,3,1,.333333333333333
Streptomycin,gid,gid_p.Glu40Gln,2,2,1
Streptomycin,gid,gid_c.-2T>G,2,1,.5
Streptomycin,gid,gid_p.Ala138Val,42,26,.619047619047619
Streptomycin,gid,gid_p.Ala25Pro,2,1,.5
Streptomycin,gid,gid_p.Ala138Glu,11,9,.818181818181818
Streptomycin,gid,gid_p.Val65Phe,5,1,.2
Streptomycin,gid,gid_p.Val135Gly,6,3,.5
Streptomycin,gid,gid_p.Arg83dup,2,2,1
Streptomycin,gid,gid_p.Leu94Pro,4,3,.75
Streptomycin,gid,gid_p.Arg21Pro,5,2,.4
Streptomycin,gid,gid_p.Asp67Gly,16,7,.4375
Streptomycin,gid,gid_p.Leu145Phe,39,10,.256410256410256
Streptomycin,gid,gid_p.Gly164Arg,1,1,1
Streptomycin,gid,gid_p.Ile68Ser,4,4,1
Streptomycin,gid,gid_p.Ala134Pro,1,1,1
Streptomycin,gid,gid_p.Leu108Pro,5,1,.2
Streptomycin,gid,gid_p.Ala205Glu,1,1,1
Streptomycin,gid,gid_p.Glu92Lys,2,2,1
Streptomycin,gid,gid_p.Gly109Ala,3,1,.333333333333333
Streptomycin,gid,gid_p.Leu74Ser,9,5,.555555555555555
Streptomycin,gid,gid_p.Leu101Val,3,3,1
Streptomycin,gid,gid_c.-68G>C,1,1,1
Streptomycin,gid,gid_p.Pro93Arg,1,1,1
Streptomycin,gid,gid_p.Arg83Gly,6,4,.666666666666666
Streptomycin,gid,gid_p.Ala80Pro,7,6,.857142857142857
Streptomycin,gid,gid_p.Ala19Pro,4,3,.75
Streptomycin,gid,gid_p.Leu94Arg,4,1,.25
Streptomycin,gid,gid_p.Met218Val,4,3,.75
Streptomycin,gid,gid_p.Gly164Asp,3,2,.666666666666666
Streptomycin,gid,gid_p.Arg47Trp,11,3,.272727272727272
Streptomycin,gid,gid_p.Arg137Gln,8,3,.375
Streptomycin,gid,gid_p.Pro93Leu,8,2,.25
Streptomycin,gid,gid_p.Pro75Ala,1,1,1
Streptomycin,gid,gid_p.Leu86Pro,6,4,.666666666666666
Streptomycin,gid,gid_p.Leu91Pro,6,5,.833333333333333
Streptomycin,gid,gid_p.Leu79Ser,25,12,.48
Streptomycin,gid,gid_c.-55G>C,1,1,1
Streptomycin,gid,gid_p.Arg96Leu,14,9,.642857142857142
Streptomycin,gid,gid_p.Ala119Asp,12,6,.5
Streptomycin,gid,gid_p.Val77Ala,11,8,.727272727272727
Streptomycin,gid,gid_p.Arg158Pro,2,1,.5
Streptomycin,gid,gid_p.Met178Arg,1,1,1
Streptomycin,gid,gid_p.Glu170Gly,2,1,.5
Streptomycin,gid,gid_p.Ala133Pro,2,1,.5
Streptomycin,gid,gid_p.Gly73Trp,1,1,1
Streptomycin,gid,gid_p.Leu142Trp,1,1,1
Streptomycin,gid,gid_p.Pro75Arg,9,7,.777777777777777
Streptomycin,gid,gid_p.His48Asn,5,2,.4
Streptomycin,gid,gid_p.Val88Ala,9,5,.555555555555555
Streptomycin,gid,gid_p.Glu40Gly,2,1,.5
Streptomycin,gid,gid_p.Gly157Arg,8,2,.25
Streptomycin,gid,gid_p.Leu50Arg,54,27,.5
Streptomycin,gid,gid_p.Pro78Leu,20,4,.2
Streptomycin,gid,gid_p.Leu160Arg,2,2,1
Streptomycin,gid,gid_p.Val124Met,1,1,1
Streptomycin,gid,gid_p.Leu128Ser,2,1,.5
Streptomycin,gid,gid_p.Ala161Asp,5,4,.8
Streptomycin,gid,gid_p.His48Pro,4,4,1
Streptomycin,gid,gid_p.Met104Lys,1,1,1
Streptomycin,gid,gid_p.Gly71Arg,3,3,1
Streptomycin,gid,gid_p.Pro93Gln,4,1,.25
Streptomycin,gid,gid_p.Arg47Gln,11,8,.727272727272727
Streptomycin,gid,gid_p.Val171Gly,2,1,.5
Streptomycin,gid,gid_p.Ser70Ile,2,1,.5
Streptomycin,gid,gid_p.Cys191Trp,3,1,.333333333333333
Streptomycin,gid,gid_p.Gly34Val,12,7,.583333333333333
Streptomycin,gid,gid_p.Trp45Ser,4,3,.75
Streptomycin,gid,gid_p.Thr98Pro,1,1,1
Streptomycin,gid,gid_p.Gly182Val,1,1,1
Streptomycin,gid,gid_p.Leu108Arg,10,3,.3
Streptomycin,gid,gid_p.Val124Gly,11,5,.454545454545454
Streptomycin,gid,gid_p.Pro151Leu,1,1,1
Streptomycin,gid,gid_p.Gly164Val,3,1,.333333333333333
Streptomycin,gid,gid_p.Ala183Glu,1,1,1
Streptomycin,gid,gid_p.Phe100Val,7,4,.571428571428571
Streptomycin,gid,gid_p.Leu16Pro,1,1,1
Streptomycin,gid,gid_p.Ile81Thr,3,2,.666666666666666
Streptomycin,gid,gid_p.Asp132Glu,1,1,1
Streptomycin,gid,gid_p.Ser70Gly,3,2,.666666666666666
Streptomycin,gid,gid_p.Val115Ala,1,1,1
Streptomycin,gid,gid_p.Val36Gly,6,3,.5
Streptomycin,gid,gid_p.Leu59Arg,2,2,1
Streptomycin,gid,gid_p.Val66Met,1,1,1
Streptomycin,gid,gid_p.Thr146Lys,7,5,.714285714285714
Streptomycin,gid,gid_p.Val177Met,1,1,1
Streptomycin,gid,gid_p.Gly117Val,4,3,.75
Streptomycin,gid,gid_p.Gly62Ser,1,1,1
Streptomycin,gid,gid_p.Arg197Pro,2,1,.5
Streptomycin,gid,gid_p.Ala180Gly,1,1,1
Streptomycin,gid,gid_p.Arg83Gln,2,2,1
Streptomycin,gid,gid_p.Cys191Tyr,3,1,.333333333333333
Streptomycin,gid,gid_p.Arg83Pro,9,6,.666666666666666
Streptomycin,gid,gid_p.Val202Gly,2,2,1
Streptomycin,gid,gid_p.Leu152Ser,6,4,.666666666666666
Streptomycin,gid,gid_p.Gly73Val,1,1,1
Streptomycin,gid,gid_p.Glu40Lys,4,4,1
Streptomycin,gid,gid_p.Arg116Trp,3,1,.333333333333333
Streptomycin,gid,gid_p.Val77Gly,59,24,.406779661016949
Streptomycin,gid,gid_p.Ile81Arg,3,1,.333333333333333
Streptomycin,gid,gid_p.Ala167Asp,7,5,.714285714285714
Streptomycin,gid,gid_p.Gly37Arg,11,9,.818181818181818
Streptomycin,gid,gid_p.Ile11Asn,1,1,1
Streptomycin,gid,gid_p.Leu86His,1,1,1
Streptomycin,gid,gid_p.Ala80Glu,2,1,.5
Streptomycin,gid,gid_p.Arg47Leu,2,1,.5
Streptomycin,gid,gid_p.Ala82Pro,4,3,.75
Streptomycin,gid,gid_p.Arg118Cys,1,1,1
Streptomycin,gid,gid_p.Gly34Glu,6,4,.666666666666666
Streptomycin,gid,gid_p.Leu86Arg,5,2,.4
Streptomycin,gid,gid_p.Cys52Phe,1,1,1
Streptomycin,gid,gid_p.Val89Gly,1,1,1
Streptomycin,gid,gid_p.His48Tyr,12,8,.666666666666666
Streptomycin,gid,gid_p.Ala140Val,2,1,.5
Streptomycin,gid,gid_p.Met178Thr,1,1,1
Streptomycin,gid,gid_p.Phe100Leu,1,1,1
Streptomycin,gid,gid_p.Glu40Ala,6,2,.333333333333333
Streptomycin,gid,gid_p.Val203Leu,1,1,1
Streptomycin,gid,gid_p.Gly117Arg,13,4,.307692307692307
Streptomycin,gid,gid_p.Val203Met,4,2,.5
Streptomycin,gid,gid_p.Val115Gly,5,2,.4
Streptomycin,gid,gid_p.Ala138Thr,5,2,.4
Streptomycin,gid,gid_p.Ala200Val,1,1,1
Streptomycin,gid,gid_p.Gly71Ala,2,1,.5
Streptomycin,gid,gid_p.Arg96Pro,2,2,1
Streptomycin,gid,gid_p.Cys191Arg,1,1,1
Streptomycin,gid,gid_p.Gly76Arg,2,1,.5
Streptomycin,gid,gid_p.Val65Gly,15,8,.533333333333333
Streptomycin,gid,gid_p.Ala10Gly,3,1,.333333333333333
Streptomycin,gid,gid_p.Val110Ala,3,3,1
Streptomycin,gid,gid_p.Arg154Trp,1,1,1
Streptomycin,gid,gid_p.Gly62Val,1,1,1
Streptomycin,gid,gid_p.Gly30Asp,4,2,.5
Streptomycin,gid,gid_p.Trp45Arg,5,5,1
Streptomycin,gid,gid_p.Arg64Pro,1,1,1
Streptomycin,gid,gid_p.Cys52Tyr,3,2,.666666666666666
Streptomycin,gid,gid_p.Gly69Asp,14,10,.714285714285714
Streptomycin,gid,gid_p.Ala138Pro,7,3,.428571428571428
Streptomycin,gid,gid_p.Ala19Asp,1,1,1
Streptomycin,gid,gid_p.Asp67Asn,1,1,1
Streptomycin,gid,gid_p.Asn51Thr,3,1,.333333333333333
Streptomycin,gid,gid_p.Pro84Thr,1,1,1
Streptomycin,gid,gid_p.Leu90Arg,25,10,.4
Streptomycin,gid,gid_p.Met150Arg,2,2,1
Streptomycin,gid,gid_p.Val139Ala,1,1,1
Streptomycin,gid,gid_p.Ala72Val,2,1,.5
Streptomycin,gid,gid_p.Gly117Trp,2,2,1
Streptomycin,gid,gid_p.Leu91Arg,9,7,.777777777777777
Streptomycin,gid,gid_p.Leu35Arg,3,3,1
Streptomycin,gid,gid_p.Asn51Lys,5,5,1
Streptomycin,gid,gid_p.Gly76Asp,3,3,1
Streptomycin,gid,gid_p.Pro75Leu,8,5,.625
Levofloxacin,gyrA,gyrA_p.Leu105Arg,1,1,1
Moxifloxacin,gyrA,gyrA_p.Gly88Asp,1,1,1
Moxifloxacin,gyrA,gyrA_p.His70Arg,3,1,.333333333333333
Moxifloxacin,gyrA,gyrA_p.Asp94Phe,1,1,1
Moxifloxacin,gyrA,gyrA_p.Arg392Cys,1,1,1
Levofloxacin,gyrA,gyrA_p.Val596Met,1,1,1
Levofloxacin,gyrA,gyrA_p.Gly729Arg,1,1,1
Levofloxacin,gyrA,gyrA_p.Ala736Thr,2,1,.5
Levofloxacin,gyrA,gyrA_p.Asp94Phe,2,2,1
Levofloxacin,gyrA,gyrA_p.Leu812Val,1,1,1
Levofloxacin,gyrA,gyrA_p.Ala689Val,1,1,1
Levofloxacin,gyrA,gyrA_p.Asp94Val,2,1,.5
Moxifloxacin,gyrA,gyrA_p.Ala736Thr,2,1,.5
Levofloxacin,gyrA,gyrA_p.Gln475Arg,1,1,1
Levofloxacin,gyrA,gyrA_p.His70Arg,6,4,.666666666666666
Moxifloxacin,gyrA,gyrA_p.Glu303Lys,1,1,1
Levofloxacin,gyrA,gyrA_p.Arg363Cys,2,1,.5
Moxifloxacin,gyrA,gyrA_p.His490Arg,1,1,1
Levofloxacin,gyrA,gyrA_p.Asp211Glu,2,1,.5
Levofloxacin,gyrA,gyrA_p.Ala74Ser,4,3,.75
Moxifloxacin,gyrA,gyrA_p.Lys319Thr,1,1,1
Moxifloxacin,gyrA,gyrA_p.Val596Met,1,1,1
Levofloxacin,gyrA,gyrA_p.Gly88Asp,1,1,1
Levofloxacin,gyrA,gyrA_p.Ile707Val,2,2,1
Moxifloxacin,gyrA,gyrA_p.Arg128Lys,1,1,1
Levofloxacin,gyrA,gyrA_p.Arg309Gln,3,1,.333333333333333
Levofloxacin,gyrA,gyrA_p.Thr735Ser,2,1,.5
Levofloxacin,gyrA,gyrA_p.Asn831Lys,3,1,.333333333333333
Levofloxacin,gyrA,gyrA_p.Pro8Leu,1,1,1
Levofloxacin,gyrA,gyrA_p.Ile189Val,3,1,.333333333333333
Levofloxacin,gyrA,gyrA_p.Ser95Ala,3,2,.666666666666666
Moxifloxacin,gyrA,gyrA_p.Leu812Val,1,1,1
Levofloxacin,gyrA,gyrA_p.Ala90Trp,1,1,1
Moxifloxacin,gyrA,gyrA_p.Leu105Arg,1,1,1
Moxifloxacin,gyrA,gyrA_p.Glu739Gln,3,1,.333333333333333
Levofloxacin,gyrA,gyrA_p.His490Arg,1,1,1
Levofloxacin,gyrA,gyrA_p.Arg309Trp,1,1,1
Moxifloxacin,gyrA,gyrA_p.Ala689Val,1,1,1
Levofloxacin,gyrA,gyrA_p.Ile478Thr,1,1,1
Levofloxacin,gyrA,gyrA_p.Pro108Ser,6,2,.333333333333333
Levofloxacin,gyrA,gyrA_p.Asp89Gly,2,2,1
Levofloxacin,gyrA,gyrA_p.Gly158Ser,2,1,.5
Levofloxacin,gyrA,gyrA_p.Val326Gly,3,1,.333333333333333
Levofloxacin,gyrA,gyrA_p.Ala126Ser,2,1,.5
Moxifloxacin,gyrA,gyrA_p.Arg309Trp,1,1,1
Moxifloxacin,gyrA,gyrA_p.Ser698Leu,5,1,.2
Moxifloxacin,gyrA,gyrA_p.Ala288Asp,13,6,.461538461538461
Moxifloxacin,gyrA,gyrA_p.Ala591Val,2,1,.5
Levofloxacin,gyrB,gyrB_p.Val427Met,5,3,.6
Levofloxacin,gyrB,gyrB_p.Thr500Asn,18,6,.333333333333333
Moxifloxacin,gyrB,gyrB_p.Asp334Gly,2,1,.5
Levofloxacin,gyrB,gyrB_p.Ser661Thr,3,1,.333333333333333
Levofloxacin,gyrB,gyrB_p.Asp461Val,1,1,1
Moxifloxacin,gyrB,gyrB_p.Thr500Asn,16,8,.5
Levofloxacin,gyrB,gyrB_p.Val502Phe,1,1,1
Moxifloxacin,gyrB,gyrB_p.Ala2Ser,2,1,.5
Moxifloxacin,gyrB,gyrB_p.Arg446Cys,21,7,.333333333333333
Moxifloxacin,gyrB,gyrB_p.Asn499Lys,3,3,1
Moxifloxacin,gyrB,gyrB_p.Pro254Leu,7,1,.142857142857142
Moxifloxacin,gyrB,gyrB_p.Thr500Ala,4,2,.5
Levofloxacin,gyrB,gyrB_p.Thr500Ala,5,2,.4
Moxifloxacin,gyrB,gyrB_p.Val427Met,5,3,.6
Moxifloxacin,gyrB,gyrB_p.Val457Leu,8,1,.125
Moxifloxacin,gyrB,gyrB_p.Arg553Gly,1,1,1
Levofloxacin,gyrB,gyrB_p.Gln9His,3,1,.333333333333333
Levofloxacin,gyrB,gyrB_p.Leu509Pro,1,1,1
Levofloxacin,gyrB,gyrB_p.Gly589Val,2,1,.5
Levofloxacin,gyrB,gyrB_p.Arg553Gly,1,1,1
Levofloxacin,gyrB,gyrB_p.Pro243Ser,1,1,1
Levofloxacin,gyrB,gyrB_p.Asn499Ile,3,2,.666666666666666
Levofloxacin,gyrB,gyrB_p.Thr664Ile,4,2,.5
Moxifloxacin,gyrB,gyrB_p.Gly512Arg,7,1,.142857142857142
Moxifloxacin,gyrB,gyrB_p.Leu522Val,1,1,1
Levofloxacin,gyrB,gyrB_p.Arg446Cys,32,10,.3125
Moxifloxacin,gyrB,gyrB_p.Leu509Pro,1,1,1
Levofloxacin,gyrB,gyrB_p.Pro578Ser,1,1,1
Moxifloxacin,gyrB,gyrB_p.Pro243Ser,1,1,1
Levofloxacin,gyrB,gyrB_p.Ser447Tyr,9,4,.444444444444444
Levofloxacin,gyrB,gyrB_p.Asn499Lys,4,3,.75
Moxifloxacin,gyrB,gyrB_p.Pro578Ser,1,1,1
Moxifloxacin,gyrB,gyrB_p.Ala618Asp,1,1,1
Levofloxacin,gyrB,gyrB_p.Arg417Cys,1,1,1
Ethionamide,inhA,inhA_c.-67C>T,7,1,.142857142857142
Isoniazid,inhA,inhA_p.Ile95Val,1,1,1
Isoniazid,inhA,inhA_p.Ile21Thr,1,1,1
Ethionamide,inhA,inhA_p.Ile21Val,2,1,.5
Ethionamide,inhA,inhA_c.-752C>T,5,1,.2
Ethionamide,inhA,inhA_c.-728C>G,5,1,.2
Ethionamide,inhA,inhA_c.-766C>A,1,1,1
Ethionamide,inhA,inhA_p.Asn231Asp,1,1,1
Ethionamide,inhA,inhA_p.Gly40Trp,2,1,.5
Ethionamide,inhA,inhA_p.Thr51Ala,1,1,1
Ethionamide,inhA,inhA_c.-796C>G,3,1,.333333333333333
Isoniazid,inhA,inhA_p.Met103Val,2,1,.5
Isoniazid,inhA,inhA_p.Ile194Thr,5,5,1
Isoniazid,inhA,inhA_c.-67C>T,2,1,.5
Ethionamide,inhA,inhA_c.-487C>A,1,1,1
Ethionamide,inhA,inhA_p.Ile21Thr,2,1,.5
Isoniazid,inhA,inhA_p.Ala252Val,4,2,.5
Ethionamide,inhA,inhA_c.-100C>A,11,2,.181818181818181
Isoniazid,inhA,inhA_c.-176A>C,7,4,.571428571428571
Ethionamide,inhA,inhA_c.-391G>T,1,1,1
Isoniazid,inhA,inhA_c.-809G>A,2,2,1
Ethionamide,inhA,inhA_c.-796C>T,3,1,.333333333333333
Isoniazid,inhA,inhA_c.-100C>A,7,5,.714285714285714
Ethionamide,inhA,inhA_c.-176A>C,12,2,.166666666666666
Isoniazid,katG,katG_p.Gly299Cys,1,1,1
Isoniazid,katG,katG_p.Tyr98Cys,2,2,1
Isoniazid,katG,katG_p.Asp142Gly,8,7,.875
Isoniazid,katG,katG_p.Asn138Ser,7,7,1
Isoniazid,katG,katG_p.Asp94Ala,3,3,1
Isoniazid,katG,katG_p.Asp735Glu,1,1,1
Isoniazid,katG,katG_p.Thr326Pro,1,1,1
Isoniazid,katG,katG_p.Gln127Arg,1,1,1
Isoniazid,katG,katG_p.Asp189Asn,2,2,1
Isoniazid,katG,katG_p.Asp189Tyr,1,1,1
Isoniazid,katG,katG_p.Leu333Pro,2,2,1
Isoniazid,katG,katG_p.Arg484His,3,3,1
Isoniazid,katG,katG_p.Tyr229Cys,2,2,1
Isoniazid,katG,katG_p.Gly495Ser,19,8,.421052631578947
Isoniazid,katG,katG_p.Ser383Trp,1,1,1
Isoniazid,katG,katG_p.Arg104Trp,1,1,1
Isoniazid,katG,katG_p.Trp300Cys,1,1,1
Isoniazid,katG,katG_p.Trp397Gly,1,1,1
Isoniazid,katG,katG_p.Glu318Ala,1,1,1
Isoniazid,katG,katG_p.Tyr155Asp,1,1,1
Isoniazid,katG,katG_p.Gly285Val,4,2,.5
Isoniazid,katG,katG_p.Trp328Tyr,1,1,1
Isoniazid,katG,katG_p.Arg249Cys,1,1,1
Isoniazid,katG,katG_p.Glu3Gly,1,1,1
Isoniazid,katG,katG_p.Gly182Arg,1,1,1
Isoniazid,katG,katG_p.Gly269Asp,1,1,1
Isoniazid,katG,katG_p.Gln525Pro,5,4,.8
Isoniazid,katG,katG_p.Ile455Met,1,1,1
Isoniazid,katG,katG_c.-242C>T,1,1,1
Isoniazid,katG,katG_p.Gly338Ser,2,1,.5
Isoniazid,katG,katG_p.Asp387Gly,1,1,1
Isoniazid,katG,katG_p.Leu458Arg,2,1,.5
Isoniazid,katG,katG_p.Tyr337Cys,2,2,1
Isoniazid,katG,katG_p.Glu553Lys,1,1,1
Isoniazid,katG,katG_p.Ala110Val,1,1,1
Isoniazid,katG,katG_p.Ter741Trpext*?,1,1,1
Isoniazid,katG,katG_p.Leu427Pro,2,2,1
Isoniazid,katG,katG_p.Thr322Pro,1,1,1
Isoniazid,katG,katG_p.Arg595Gln,1,1,1
Isoniazid,katG,katG_p.Leu384Pro,1,1,1
Isoniazid,katG,katG_p.Gly99Glu,1,1,1
Isoniazid,katG,katG_p.Ala555Pro,1,1,1
Isoniazid,katG,katG_p.Ala614Glu,1,1,1
Isoniazid,katG,katG_p.Gly299Ser,2,2,1
Isoniazid,katG,katG_p.Thr322Ala,2,2,1
Isoniazid,katG,katG_p.Trp149Arg,2,2,1
Isoniazid,katG,katG_p.Arg145Cys,2,1,.5
Isoniazid,katG,katG_p.Gly125Asp,2,2,1
Isoniazid,katG,katG_p.Ser315Gly,3,2,.666666666666666
Isoniazid,katG,katG_p.Leu48Pro,2,2,1
Isoniazid,katG,katG_p.Trp412Cys,1,1,1
Isoniazid,katG,katG_p.Ala291Asp,1,1,1
Isoniazid,katG,katG_p.Ala109Val,7,7,1
Isoniazid,katG,katG_p.Gln461Pro,4,2,.5
Isoniazid,katG,katG_p.Gly121Val,1,1,1
Isoniazid,katG,katG_p.Leu132Pro,1,1,1
Isoniazid,katG,katG_p.Glu588Gly,2,2,1
Isoniazid,katG,katG_c.-244C>T,1,1,1
Isoniazid,katG,katG_p.Glu526Lys,1,1,1
Isoniazid,katG,katG_p.Leu164Arg,1,1,1
Isoniazid,katG,katG_p.Ser481Leu,1,1,1
Isoniazid,katG,katG_p.Asp419Tyr,1,1,1
Isoniazid,katG,katG_c.-8G>A,2,2,1
Isoniazid,katG,katG_p.Ser302Arg,1,1,1
Isoniazid,katG,katG_p.Gly699Glu,8,7,.875
Isoniazid,katG,katG_c.-185T>C,2,2,1
Isoniazid,katG,katG_p.Arg249His,2,1,.5
Isoniazid,katG,katG_p.Leu141Ser,1,1,1
Isoniazid,katG,katG_p.Glu709Gly,1,1,1
Isoniazid,katG,katG_p.Asp142Asn,1,1,1
Isoniazid,katG,katG_p.Asn596Thr,1,1,1
Isoniazid,katG,katG_c.-481G>T,1,1,1
Isoniazid,katG,katG_p.Trp300Ser,1,1,1
Isoniazid,katG,katG_p.Ala144Val,2,1,.5
Isoniazid,katG,katG_p.Gly177Val,1,1,1
Isoniazid,katG,katG_p.Trp300Gly,3,3,1
Isoniazid,katG,katG_p.Trp689Gly,2,1,.5
Isoniazid,katG,katG_p.Gly279Asp,6,6,1
Isoniazid,katG,katG_p.Asn138His,2,2,1
Isoniazid,katG,katG_p.Gly111Asp,1,1,1
Isoniazid,katG,katG_p.Arg104Gln,3,2,.666666666666666
Isoniazid,katG,katG_p.Gly491Ser,3,3,1
Isoniazid,katG,katG_p.Thr690Pro,2,1,.5
Isoniazid,katG,katG_p.Trp91Gly,1,1,1
Isoniazid,katG,katG_c.-10A>C,2,2,1
Isoniazid,katG,katG_p.Val267Gly,1,1,1
Isoniazid,katG,katG_p.Leu521Pro,1,1,1
Isoniazid,katG,katG_p.Glu607Lys,1,1,1
Isoniazid,katG,katG_p.Asp311Gly,2,2,1
Isoniazid,katG,katG_c.-516G>A,1,1,1
Isoniazid,katG,katG_p.Arg571His,3,2,.666666666666666
Isoniazid,katG,katG_p.Arg571Gly,1,1,1
Isoniazid,katG,katG_p.Tyr390Ser,1,1,1
Isoniazid,katG,katG_p.Ala492Asp,1,1,1
Isoniazid,katG,katG_p.Leu76Pro,1,1,1
Isoniazid,katG,katG_p.Ala110Pro,1,1,1
Isoniazid,katG,katG_p.Arg128Trp,2,2,1
Isoniazid,katG,katG_p.Pro232Ala,3,3,1
Isoniazid,katG,katG_p.Trp728Cys,1,1,1
Isoniazid,katG,katG_p.Pro288His,2,2,1
Isoniazid,katG,katG_c.-21C>G,1,1,1
Isoniazid,katG,katG_p.Gly121Asp,2,2,1
Isoniazid,katG,katG_c.-233C>G,2,1,.5
Isoniazid,katG,katG_p.Ala411Asp,1,1,1
Isoniazid,katG,katG_c.-318C>T,1,1,1
Isoniazid,katG,katG_p.Gln352Pro,1,1,1
Isoniazid,katG,katG_p.Ter741Argext*?,1,1,1
Isoniazid,katG,katG_p.Thr271Ile,3,3,1
Isoniazid,katG,katG_p.Val710Gly,1,1,1
Isoniazid,katG,katG_p.Thr271Pro,2,2,1
Isoniazid,katG,katG_p.Ser160Pro,2,2,1
Isoniazid,katG,katG_p.Ala93Asp,1,1,1
Isoniazid,katG,katG_p.Thr180Met,1,1,1
Isoniazid,katG,katG_p.Leu634Pro,1,1,1
Isoniazid,katG,katG_p.Gly629Cys,1,1,1
Isoniazid,katG,katG_p.Tyr337Asp,1,1,1
Isoniazid,katG,katG_p.Leu661Arg,1,1,1
Isoniazid,katG,katG_p.Arg249Pro,1,1,1
Isoniazid,katG,katG_p.Asp735Ala,2,2,1
Isoniazid,katG,katG_p.Gln439Pro,1,1,1
Isoniazid,katG,katG_p.Leu141Phe,5,4,.8
Isoniazid,katG,katG_c.-7G>A,1,1,1
Isoniazid,katG,katG_p.Trp91Arg,1,1,1
Isoniazid,katG,katG_p.Gly120Ser,1,1,1
Isoniazid,katG,katG_p.Trp161Arg,5,5,1
Isoniazid,katG,katG_p.Thr251Pro,1,1,1
Isoniazid,katG,katG_p.Asp381Gly,1,1,1
Isoniazid,katG,katG_p.Arg104Leu,1,1,1
Isoniazid,katG,katG_p.Gly234Arg,3,2,.666666666666666
Isoniazid,katG,katG_p.Phe129Ser,1,1,1
Isoniazid,katG,katG_p.Thr344Pro,3,2,.666666666666666
Isoniazid,katG,katG_p.Gly121Ala,2,1,.5
Isoniazid,katG,katG_p.Asp419His,2,2,1
Isoniazid,katG,katG_p.Ala621Asp,1,1,1
Isoniazid,katG,katG_p.Arg187Trp,1,1,1
Isoniazid,katG,katG_p.Arg705Trp,1,1,1
Isoniazid,katG,katG_p.Phe540Ser,1,1,1
Isoniazid,katG,katG_p.Gly156Asp,2,2,1
Isoniazid,katG,katG_p.Gly699Val,1,1,1
Isoniazid,katG,katG_p.Arg145Pro,1,1,1
Isoniazid,katG,katG_p.Pro232Arg,1,1,1
Isoniazid,katG,katG_p.Thr394Ala,3,3,1
Isoniazid,katG,katG_p.Thr568Pro,1,1,1
Isoniazid,katG,katG_p.Met257Ile,1,1,1
Isoniazid,katG,katG_p.Ala479Glu,1,1,1
Isoniazid,katG,katG_p.Asp189Ala,2,2,1
Isoniazid,katG,katG_p.Gly120Asp,1,1,1
Isoniazid,katG,katG_p.Pro241His,1,1,1
Isoniazid,katG,katG_p.Asp381Asn,1,1,1
Isoniazid,katG,katG_p.Tyr155Ser,1,1,1
Isoniazid,katG,katG_p.Pro325Thr,1,1,1
Isoniazid,katG,katG_p.Ala172Val,2,2,1
Isoniazid,katG,katG_p.Asp487Asn,3,3,1
Isoniazid,katG,katG_p.Ala550Pro,1,1,1
Isoniazid,katG,katG_p.Arg249Ser,2,1,.5
Isoniazid,katG,katG_p.Thr380Ile,1,1,1
Isoniazid,katG,katG_p.Asp163Asn,1,1,1
Isoniazid,katG,katG_p.Trp300Arg,2,2,1
Isoniazid,katG,katG_p.Asp189Gly,6,4,.666666666666666
Isoniazid,katG,katG_p.Gly118Ser,3,3,1
Isoniazid,katG,katG_p.Glu342Ala,2,1,.5
Isoniazid,katG,katG_p.Gln127Pro,4,2,.5
Isoniazid,katG,katG_p.His97Leu,1,1,1
Isoniazid,katG,katG_p.Asn660His,1,1,1
Isoniazid,katG,katG_p.Gly712Asp,1,1,1
Isoniazid,katG,katG_p.Phe183Leu,1,1,1
Isoniazid,katG,katG_p.Gly269Ser,1,1,1
Isoniazid,katG,katG_c.-461C>T,2,1,.5
Isoniazid,katG,katG_p.Asp381Ala,2,2,1
Isoniazid,katG,katG_p.Asp163Glu,1,1,1
Isoniazid,katG,katG_p.Ser700Pro,2,2,1
Isoniazid,katG,katG_p.Ala480dup,1,1,1
Isoniazid,katG,katG_p.Thr275Pro,1,1,1
Isoniazid,katG,katG_p.Ala550Thr,1,1,1
Isoniazid,katG,katG_p.Glu607Gly,1,1,1
Isoniazid,katG,katG_p.Gly629Asp,1,1,1
Isoniazid,katG,katG_p.Val319Asp,1,1,1
Isoniazid,katG,katG_p.Gln295Pro,1,1,1
Isoniazid,katG,katG_c.-480T>G,1,1,1
Isoniazid,katG,katG_p.Asn138Asp,6,4,.666666666666666
Isoniazid,katG,katG_p.Gly297Val,5,4,.8
Isoniazid,katG,katG_p.Gln439Arg,2,2,1
Isoniazid,katG,katG_p.Ile103Asn,1,1,1
Isoniazid,katG,katG_p.Arg249Gly,1,1,1
Isoniazid,katG,katG_p.Val431Gly,1,1,1
Isoniazid,katG,katG_p.Gly285Cys,1,1,1
Isoniazid,katG,katG_p.Lys143Thr,1,1,1
Isoniazid,katG,katG_p.Thr324Pro,1,1,1
Isoniazid,katG,katG_p.Arg146Gly,2,2,1
Isoniazid,katG,katG_p.Gly699Arg,2,2,1
Isoniazid,katG,katG_p.His108Arg,1,1,1
Isoniazid,katG,katG_p.Phe483Leu,1,1,1
Isoniazid,katG,katG_p.Trp328Cys,1,1,1
Isoniazid,katG,katG_p.Glu709Ala,1,1,1
Isoniazid,katG,katG_c.-268A>G,1,1,1
Isoniazid,katG,katG_p.Asn637Lys,2,2,1
Isoniazid,katG,katG_p.Trp328Arg,1,1,1
Isoniazid,katG,katG_p.Pro232Ser,3,2,.666666666666666
Isoniazid,katG,katG_p.Gly273Ser,1,1,1
Isoniazid,katG,katG_p.Ala122Asp,1,1,1
Isoniazid,katG,katG_p.Gly548Arg,1,1,1
Isoniazid,katG,katG_p.Ala172Thr,1,1,1
Isoniazid,katG,katG_p.Asn596Lys,1,1,1
Isoniazid,katG,katG_p.Leu159Pro,1,1,1
Isoniazid,katG,katG_p.Trp438Gly,1,1,1
Isoniazid,katG,katG_p.Phe183Ser,1,1,1
Isoniazid,katG,katG_p.Asn493Lys,3,2,.666666666666666
Isoniazid,katG,katG_p.Ala106Val,1,1,1
Isoniazid,katG,katG_p.Ala476Val,4,2,.5
Isoniazid,katG,katG_p.Ser692Arg,1,1,1
Isoniazid,katG,katG_p.Leu298Ser,1,1,1
Isoniazid,katG,katG_p.Asp94Gly,3,3,1
Isoniazid,katG,katG_p.Arg498Leu,1,1,1
Isoniazid,katG,katG_p.Ala312Pro,2,1,.5
Bedaquiline,pepQ,pepQ_p.Ser200Leu,1,1,1
Clofazimine,pepQ,pepQ_p.Gly197Arg,28,5,.178571428571428
Clofazimine,pepQ,pepQ_p.Gly80Arg,1,1,1
Clofazimine,pepQ,pepQ_p.Arg7Gln,10,1,.1
Pyrazinamide,pncA,pncA_p.Ser59Phe,1,1,1
Pyrazinamide,pncA,pncA_p.His57Pro,1,1,1
Pyrazinamide,pncA,pncA_p.Trp68Ser,2,1,.5
Pyrazinamide,pncA,pncA_p.Gly78Cys,2,1,.5
Pyrazinamide,pncA,pncA_p.His137Asn,1,1,1
Pyrazinamide,pncA,pncA_p.Pro62Gln,1,1,1
Pyrazinamide,pncA,pncA_p.Lys96Met,1,1,1
Pyrazinamide,pncA,pncA_p.Tyr103Ser,1,1,1
Pyrazinamide,pncA,pncA_p.Val180Leu,1,1,1
Pyrazinamide,pncA,pncA_p.Val155dup,1,1,1
Pyrazinamide,pncA,pncA_p.Gln10Leu,1,1,1
Pyrazinamide,pncA,pncA_p.Ala171Thr,2,1,.5
Pyrazinamide,pncA,pncA_p.Asp63Val,1,1,1
Pyrazinamide,pncA,pncA_p.Asp136His,1,1,1
Pyrazinamide,pncA,pncA_p.Arg2Pro,1,1,1
Pyrazinamide,pncA,pncA_p.Leu156Pro,1,1,1
Pyrazinamide,pncA,pncA_p.Gly17Arg,1,1,1
Pyrazinamide,pncA,pncA_p.Asp12His,1,1,1
Pyrazinamide,pncA,pncA_p.Pro69Arg,1,1,1
Pyrazinamide,pncA,pncA_p.Asn11Ser,2,1,.5
Pyrazinamide,pncA,pncA_p.Ala3Pro,1,1,1
Pyrazinamide,pncA,pncA_p.Ala134Gly,2,1,.5
Pyrazinamide,pncA,pncA_p.Thr167Ile,5,2,.4
Pyrazinamide,pncA,pncA_p.Ser32Ile,1,1,1
Pyrazinamide,pncA,pncA_p.Val180Asp,1,1,1
Pyrazinamide,pncA,pncA_p.Arg123Pro,1,1,1
Pyrazinamide,pncA,pncA_p.Asp136Ala,1,1,1
Pyrazinamide,pncA,pncA_p.Arg2Trp,2,1,.5
Pyrazinamide,pncA,pncA_p.Gly24Val,1,1,1
Pyrazinamide,pncA,pncA_p.Val157Gly,1,1,1
Pyrazinamide,pncA,pncA_p.Asp136Tyr,1,1,1
Pyrazinamide,pncA,pncA_p.Val9Ala,2,1,.5
Pyrazinamide,pncA,pncA_p.Val7Ile,1,1,1
Pyrazinamide,pncA,pncA_p.Pro69Thr,1,1,1
Pyrazinamide,pncA,pncA_p.Cys72Phe,1,1,1
Pyrazinamide,pncA,pncA_p.Cys14Gly,19,7,.368421052631578
Pyrazinamide,pncA,pncA_p.Gly162Arg,1,1,1
Pyrazinamide,pncA,pncA_p.Ala171Asp,1,1,1
Pyrazinamide,pncA,pncA_p.Ile133Asn,1,1,1
Pyrazinamide,pncA,pncA_p.His71Gln,1,1,1
Pyrazinamide,pncA,pncA_p.Ile6Ser,1,1,1
Pyrazinamide,pncA,pncA_p.Cys72Trp,1,1,1
Pyrazinamide,pncA,pncA_p.Cys14Tyr,1,1,1
Pyrazinamide,pncA,pncA_p.Ala161Pro,1,1,1
Pyrazinamide,pncA,pncA_p.Gln10Lys,1,1,1
Pyrazinamide,pncA,pncA_p.Asp49Tyr,1,1,1
Pyrazinamide,pncA,pncA_p.Gly17Ala,1,1,1
Pyrazinamide,pncA,pncA_p.Ala134Pro,1,1,1
Pyrazinamide,pncA,pncA_p.Leu172Arg,1,1,1
Pyrazinamide,pncA,pncA_p.Val45Gly,1,1,1
Pyrazinamide,pncA,pncA_p.Cys138Ser,1,1,1
Pyrazinamide,pncA,pncA_p.Ile133Ser,1,1,1
Pyrazinamide,pncA,pncA_c.-7T>G,1,1,1
Pyrazinamide,pncA,pncA_p.Gly17Val,2,1,.5
Pyrazinamide,pncA,pncA_p.Val93Gly,2,1,.5
Pyrazinamide,pncA,pncA_p.Thr160Arg,1,1,1
Pyrazinamide,pncA,pncA_p.Val93Met,1,1,1
Pyrazinamide,pncA,pncA_p.Ala28Asp,1,1,1
Pyrazinamide,pncA,pncA_p.Thr47Asn,1,1,1
Pyrazinamide,pncA,pncA_p.Ala102Leu,1,1,1
Linezolid,rplC,rplC_c.-466G>T,2,2,1
Rifampicin,rpoB,rpoB_p.Val26Ala,1,1,1
Rifampicin,rpoB,rpoB_p.Val496Met,1,1,1
Rifampicin,rpoB,rpoB_p.Lys891Thr,1,1,1
Rifampicin,rpoB,rpoB_p.Ile1106Thr,1,1,1
Rifampicin,rpoB,rpoB_p.Gly981Asp,1,1,1
Rifampicin,rpoB,rpoB_p.Val496Ala,2,2,1
Rifampicin,rpoB,rpoB_p.His1028Tyr,1,1,1
Rifampicin,rpoB,rpoB_p.Pro45Ser,1,1,1
Rifampicin,rpoB,rpoB_p.Pro906Gln,1,1,1
Rifampicin,rpoB,rpoB_p.Ile491Tyr,3,3,1
Rifampicin,rpoB,rpoB_p.Ala2Thr,1,1,1
Rifampicin,rpoB,rpoB_p.His835Arg,1,1,1
Rifampicin,rpoB,rpoB_p.Pro700Ser,1,1,1
Rifampicin,rpoB,rpoB_p.Asp571Tyr,1,1,1
Rifampicin,rpoB,rpoB_p.Ala943Val,1,1,1
Rifampicin,rpoB,rpoB_c.-180A>C,2,1,.5
Rifampicin,rpoB,rpoB_p.His194Arg,1,1,1
Rifampicin,rpoB,rpoB_p.Glu507Lys,2,1,.5
Rifampicin,rpoB,rpoB_c.-165C>T,1,1,1
Rifampicin,rpoB,rpoB_p.Phe503Ser,1,1,1
Rifampicin,rpoB,rpoB_p.Leu731Pro,1,1,1
Rifampicin,rpoB,rpoB_p.Ser493Arg,3,2,.666666666666666
Rifampicin,rpoB,rpoB_p.Pro483Leu,2,1,.5
Rifampicin,rpoB,rpoB_p.Thr653Ala,2,1,.5
Rifampicin,rpoB,rpoB_c.-216C>T,2,1,.5
Rifampicin,rpoB,rpoB_p.Phe424Val,1,1,1
Rifampicin,rpoB,rpoB_c.-209C>G,1,1,1
Rifampicin,rpoB,rpoB_p.Ile491Met,3,2,.666666666666666
Rifampicin,rpoB,rpoB_p.Gly675Asp,3,1,.333333333333333
Streptomycin,rpsL,rpsL_p.Lys88Thr,6,6,1
Streptomycin,rpsL,rpsL_p.Lys43Thr,1,1,1
Streptomycin,rpsL,rpsL_p.Lys43Met,1,1,1
Streptomycin,rpsL,rpsL_p.Val55Met,1,1,1
Linezolid,rrl,rrl_n.1948_1950dupATA,1,1,1
Linezolid,rrl,rrl_n.2810A>C,1,1,1
Streptomycin,rrs,rrs_n.16T>C,1,1,1
Amikacin,rrs,rrs_n.178G>A,1,1,1
Kanamycin,rrs,rrs_n.1479G>A,1,1,1
Capreomycin,rrs,rrs_n.178G>A,1,1,1
Amikacin,rrs,rrs_n.-89T>C,1,1,1
Capreomycin,rrs,rrs_n.160dupT,3,2,.666666666666666
Kanamycin,rrs,rrs_n.1460G>A,2,1,.5
Amikacin,rrs,rrs_n.1484G>A,2,1,.5
Kanamycin,rrs,rrs_n.365A>G,1,1,1
Streptomycin,rrs,rrs_n.905C>A,6,6,1
Amikacin,rrs,rrs_n.239C>A,2,1,.5
Streptomycin,rrs,rrs_n.929C>T,1,1,1
Kanamycin,rrs,rrs_n.717C>T,1,1,1
Streptomycin,rrs,rrs_n.1401A>G,56,22,.392857142857142
Streptomycin,rrs,rrs_n.907A>T,2,2,1
Streptomycin,rrs,rrs_n.513C>T,3,3,1
Kanamycin,rrs,rrs_n.340C>T,1,1,1
Kanamycin,rrs,rrs_n.660G>T,1,1,1
Streptomycin,rrs,rrs_n.907A>C,2,2,1
Kanamycin,rrs,rrs_n.13A>G,1,1,1
Streptomycin,rrs,rrs_n.47G>A,1,1,1
Streptomycin,rrs,rrs_n.906A>G,32,22,.6875
Kanamycin,rrs,rrs_n.1153C>T,7,4,.571428571428571
Amikacin,rrs,rrs_n.160dupT,4,2,.5
Streptomycin,rrs,rrs_n.905C>G,5,3,.6
Amikacin,rrs,rrs_n.1001C>G,2,1,.5
Streptomycin,rrs,rrs_n.1208T>C,1,1,1
Kanamycin,rrs,rrs_n.160dupT,4,2,.5
Streptomycin,rrs,rrs_n.1166G>A,1,1,1
Kanamycin,rrs,rrs_n.1484G>A,2,1,.5
Streptomycin,rrs,rrs_n.514A>T,13,8,.615384615384615
Kanamycin,rrs,rrs_n.178G>A,1,1,1
Streptomycin,rrs,rrs_n.23T>G,1,1,1
Capreomycin,rrs,rrs_n.1361G>C,1,1,1
Streptomycin,rrs,rrs_n.178G>A,1,1,1
Amikacin,rrs,rrs_n.1489C>T,2,1,.5
Streptomycin,rrs,rrs_n.1278A>G,4,1,.25
Capreomycin,tlyA,tlyA_p.Arg244Pro,1,1,1
Capreomycin,tlyA,tlyA_p.Leu100Pro,1,1,1
Capreomycin,tlyA,tlyA_p.Leu218Pro,1,1,1
Capreomycin,tlyA,tlyA_p.Leu101Pro,1,1,1
Capreomycin,tlyA,tlyA_p.Leu150Pro,3,3,1
Capreomycin,tlyA,tlyA_p.Leu11Arg,1,1,1
Capreomycin,tlyA,tlyA_p.Cys86Arg,2,2,1
Capreomycin,tlyA,tlyA_p.Leu209dup,1,1,1
Capreomycin,tlyA,tlyA_p.Leu155Arg,1,1,1
Capreomycin,tlyA,tlyA_p.Gly95Glu,1,1,1
Capreomycin,tlyA,tlyA_p.Leu241Pro,1,1,1
Capreomycin,tlyA,tlyA_p.Ala67Glu,1,1,1
Capreomycin,tlyA,tlyA_p.Gly94Ser,2,2,1
Capreomycin,tlyA,tlyA_p.Arg14Trp,1,1,1
Capreomycin,tlyA,tlyA_p.Leu87Arg,1,1,1
Capreomycin,tlyA,tlyA_p.Arg123Pro,1,1,1
Capreomycin,tlyA,tlyA_p.Asp154Gly,1,1,1
Capreomycin,tlyA,tlyA_p.Val54Gly,3,3,1
Capreomycin,tlyA,tlyA_p.Leu122Arg,1,1,1
Capreomycin,tlyA,tlyA_p.Arg133Leu,1,1,1
Capreomycin,tlyA,tlyA_p.His68_Leu70dup,1,1,1
Capreomycin,tlyA,tlyA_p.Asn236Asp,1,1,1
Capreomycin,tlyA,tlyA_p.Asp154Tyr,1,1,1
Capreomycin,tlyA,tlyA_p.Val181Gly,1,1,1
Capreomycin,tlyA,tlyA_p.Gly90Cys,1,1,1
Capreomycin,tlyA,tlyA_p.Leu139Arg,1,1,1
Capreomycin,tlyA,tlyA_p.Phe157Val,1,1,1
Capreomycin,tlyA,tlyA_p.Cys170Arg,1,1,1
Capreomycin,tlyA,tlyA_p.Val46Glu,2,2,1
Capreomycin,tlyA,tlyA_p.Asp154Glu,1,1,1
Capreomycin,tlyA,tlyA_p.Leu74Pro,4,4,1
